"date","Mkt.RF","SMB","HML","RF"
2010-01-25,0.37,-0.21,0.33,0
2010-01-26,-0.45,-0.1,-0.48,0
2010-01-27,0.53,0.23,0.22,0
2010-01-28,-1.18,-0.68,0.43,0
2010-01-29,-0.97,-0.04,-0.42,0
2010-02-01,1.39,-0.21,0.88,0
2010-02-02,1.21,-0.4,0.64,0
2010-02-03,-0.49,0.06,-0.37,0
2010-02-04,-3.14,-0.13,-1.17,0
2010-02-05,0.29,-0.02,0.01,0
2010-02-08,-0.79,0.05,-0.36,0
2010-02-09,1.33,0.32,0.57,0
2010-02-10,-0.17,0.26,0.31,0
2010-02-11,1.13,0.73,0.05,0
2010-02-12,-0.07,0.99,0.15,0
2010-02-16,1.75,-0.31,1.01,0
2010-02-17,0.49,0.09,0.12,0
2010-02-18,0.62,0.09,0.01,0
2010-02-19,0.28,0.06,0.48,0
2010-02-22,-0.05,-0.05,0.6,0
2010-02-23,-1.24,0.32,-0.94,0
2010-02-24,0.94,-0.37,0.54,0
2010-02-25,-0.13,0.22,0.26,0
2010-02-26,0.13,-0.57,0.42,0
2010-03-01,1.2,1.23,0.04,0
2010-03-02,0.32,0.62,0.19,0
2010-03-03,0.09,0.16,0.09,0
2010-03-04,0.37,0.11,0.2,0
2010-03-05,1.43,0.41,0.63,0
2010-03-08,0.02,0.09,0.3,0
2010-03-09,0.21,0.25,-0.09,0
2010-03-10,0.53,0.07,0.71,0
2010-03-11,0.43,-0.08,-0.09,0
2010-03-12,-0.02,0.03,-0.26,0
2010-03-15,-0.02,-0.32,-0.45,0
2010-03-16,0.78,-0.15,0.57,0
2010-03-17,0.57,0.06,0.36,0
2010-03-18,-0.1,-0.16,-0.57,0
2010-03-19,-0.62,-0.61,-0.63,0
2010-03-22,0.67,0.87,0.04,0
2010-03-23,0.8,0.34,0.34,0
2010-03-24,-0.6,-0.63,0.8,0
2010-03-25,-0.26,-0.46,-0.25,0
2010-03-26,0.06,-0.11,0.26,0
2010-03-29,0.59,-0.1,0.2,0
2010-03-30,0.04,0.29,-0.45,0
2010-03-31,-0.36,-0.51,0.2,0
2010-04-01,0.75,-0.04,0.79,0.001
2010-04-05,0.95,1.04,0.85,0.001
2010-04-06,0.19,0.24,0.48,0.001
2010-04-07,-0.48,0.19,0.27,0.001
2010-04-08,0.31,-0.3,0.36,0.001
2010-04-09,0.66,-0.14,0.15,0.001
2010-04-12,0.23,0.27,0.07,0.001
2010-04-13,0.07,0.16,-0.07,0.001
2010-04-14,1.24,0.87,1.43,0.001
2010-04-15,0.11,0.59,-0.04,0.001
2010-04-16,-1.53,0.84,-1.88,0.001
2010-04-19,0.28,-0.87,-0.04,0.001
2010-04-20,0.88,0.65,0.58,0.001
2010-04-21,-0.06,0.72,0.18,0.001
2010-04-22,0.37,0.8,0.54,0.001
2010-04-23,0.7,0.33,0.59,0.001
2010-04-26,-0.43,0.49,-0.4,0.001
2010-04-27,-2.34,0.12,-1.35,0.001
2010-04-28,0.56,-0.74,0.7,0.001
2010-04-29,1.34,0.43,0.56,0.001
2010-04-30,-1.72,-0.97,-0.88,0.001
2010-05-03,1.36,0.62,0.6,0.001
2010-05-04,-2.5,-0.56,-0.92,0.001
2010-05-05,-0.75,-0.74,-0.59,0.001
2010-05-06,-3.27,-0.27,-0.9,0.001
2010-05-07,-1.75,-1.3,-0.5,0.001
2010-05-10,4.47,0.95,1.21,0.001
2010-05-11,-0.17,1.15,-0.14,0.001
2010-05-12,1.63,1.47,0.15,0.001
2010-05-13,-1.12,0.32,-0.32,0.001
2010-05-14,-1.92,-0.25,-0.76,0.001
2010-05-17,0.11,0.07,-0.59,0.001
2010-05-18,-1.41,-0.23,-0.96,0.001
2010-05-19,-0.63,-0.96,0.03,0.001
2010-05-20,-3.99,-0.9,-1.19,0.001
2010-05-21,1.44,-0.46,1.58,0.001
2010-05-24,-1.19,0.3,-0.89,0.001
2010-05-25,-0.03,-0.48,0.56,0.001
2010-05-26,-0.35,0.83,0.4,0.001
2010-05-27,3.45,0.63,1.61,0.001
2010-05-28,-1.18,0.1,-0.68,0.001
2010-06-01,-1.89,-1.02,-1.63,0.001
2010-06-02,2.63,0.18,0.41,0.001
2010-06-03,0.54,0.72,-0.28,0.001
2010-06-04,-3.62,-1.22,-0.67,0.001
2010-06-07,-1.52,-1.09,-1.01,0.001
2010-06-08,0.91,-1.42,0.11,0.001
2010-06-09,-0.46,0.75,-0.2,0.001
2010-06-10,2.95,0.38,0.87,0.001
2010-06-11,0.62,0.95,0.05,0.001
2010-06-14,-0.06,0.65,-0.01,0.001
2010-06-15,2.36,0.07,0.89,0.001
2010-06-16,-0.11,-0.19,-0.31,0.001
2010-06-17,0.08,-0.14,-0.49,0.001
2010-06-18,0.13,-0.03,0.24,0.001
2010-06-21,-0.47,-0.55,-0.02,0.001
2010-06-22,-1.63,-0.34,-0.74,0.001
2010-06-23,-0.29,-0.04,0.22,0.001
2010-06-24,-1.65,0.14,-0.9,0.001
2010-06-25,0.48,1.03,1.07,0.001
2010-06-28,-0.23,-0.02,-0.77,0.001
2010-06-29,-3.23,-0.64,-1.29,0.001
2010-06-30,-0.98,0.05,-0.34,0.001
2010-07-01,-0.4,-0.31,-0.43,0.001
2010-07-02,-0.5,-0.3,-0.44,0.001
2010-07-06,0.33,-1.99,0.11,0.001
2010-07-07,3.17,0.05,0.43,0.001
2010-07-08,1,0.58,0,0.001
2010-07-09,0.81,0.67,0.61,0.001
2010-07-12,-0.11,-1.18,0.11,0.001
2010-07-13,1.76,1.61,0.63,0.001
2010-07-14,-0.04,-0.15,-0.81,0.001
2010-07-15,0.02,-0.88,-0.13,0.001
2010-07-16,-2.94,-0.55,-0.93,0.001
2010-07-19,0.54,-0.16,-0.2,0.001
2010-07-20,1.23,0.66,0.05,0.001
2010-07-21,-1.3,-0.39,-0.44,0.001
2010-07-22,2.37,1.24,0.58,0.001
2010-07-23,1.05,1.45,-0.31,0.001
2010-07-26,1.23,0.88,0.15,0.001
2010-07-27,-0.23,-0.33,0.35,0.001
2010-07-28,-0.82,-0.88,0.04,0.001
2010-07-29,-0.36,0.3,0.64,0.001
2010-07-30,0.06,0.05,-0.21,0.001
2010-08-02,2.09,-0.55,0.13,0.001
2010-08-03,-0.56,-0.38,-0.5,0.001
2010-08-04,0.74,0.45,-0.1,0.001
2010-08-05,-0.22,-0.86,0.14,0.001
2010-08-06,-0.36,-0.16,-0.37,0.001
2010-08-09,0.62,0.62,0.08,0.001
2010-08-10,-0.79,-1.23,-0.23,0.001
2010-08-11,-2.91,-1.08,-0.64,0.001
2010-08-12,-0.5,-0.06,-0.06,0.001
2010-08-13,-0.47,-0.79,0.24,0.001
2010-08-16,0.1,0.93,-0.18,0.001
2010-08-17,1.31,0.58,-0.26,0.001
2010-08-18,0.21,0.07,0.08,0.001
2010-08-19,-1.74,-0.83,-0.41,0.001
2010-08-20,-0.28,0.28,-0.22,0.001
2010-08-23,-0.5,-0.94,-0.41,0.001
2010-08-24,-1.48,0.14,0.16,0.001
2010-08-25,0.45,1.05,0,0.001
2010-08-26,-0.76,-0.07,-0.25,0.001
2010-08-27,1.82,0.95,0.37,0.001
2010-08-30,-1.54,-0.85,-0.42,0.001
2010-08-31,0.01,-0.26,0.81,0.001
2010-09-01,3.05,0.63,0.47,0.001
2010-09-02,0.97,0.26,-0.36,0.001
2010-09-03,1.35,0.35,0.22,0.001
2010-09-07,-1.23,-0.79,-0.77,0.001
2010-09-08,0.65,0.04,0.17,0.001
2010-09-09,0.44,-0.5,0.56,0.001
2010-09-10,0.45,-0.09,-0.16,0.001
2010-09-13,1.3,1.13,0.23,0.001
2010-09-14,-0.06,-0.23,-0.52,0.001
2010-09-15,0.36,0.11,-0.18,0.001
2010-09-16,-0.07,-0.52,-0.67,0.001
2010-09-17,0.15,0.62,-0.6,0.001
2010-09-20,1.6,1.14,0.23,0.001
2010-09-21,-0.31,-0.28,-0.3,0.001
2010-09-22,-0.52,-0.56,-0.6,0.001
2010-09-23,-0.78,-0.06,-0.69,0.001
2010-09-24,2.19,0.99,0.51,0.001
2010-09-27,-0.46,0.2,-0.49,0.001
2010-09-28,0.58,0.52,0.1,0.001
2010-09-29,-0.17,0.66,-0.25,0.001
2010-09-30,-0.26,0.05,0.29,0.001
2010-10-01,0.43,-0.06,0.21,0.001
2010-10-04,-0.88,-0.71,-0.04,0.001
2010-10-05,2.11,0.78,0.16,0.001
2010-10-06,-0.1,-0.38,0.46,0.001
2010-10-07,-0.16,0.05,-0.29,0.001
2010-10-08,0.74,0.96,-0.19,0.001
2010-10-11,0.04,0.05,-0.2,0.001
2010-10-12,0.39,-0.06,0.24,0.001
2010-10-13,0.78,0.9,-0.34,0.001
2010-10-14,-0.38,0.42,-0.39,0.001
2010-10-15,0.18,-0.07,-1.29,0.001
2010-10-18,0.69,0.06,0.91,0.001
2010-10-19,-1.67,-0.7,0.26,0.001
2010-10-20,1.06,0.06,0.09,0.001
2010-10-21,0.11,-0.52,-0.5,0.001
2010-10-22,0.29,0.45,-0.42,0.001
2010-10-25,0.31,0.49,-0.52,0.001
2010-10-26,0.02,-0.01,-0.18,0.001
2010-10-27,-0.24,-0.19,-0.24,0.001
2010-10-28,0.08,-0.62,-0.08,0.001
2010-10-29,0.07,0.35,-0.12,0.001
2010-11-01,-0.01,-0.64,-0.21,0.001
2010-11-02,0.9,1.35,-0.22,0.001
2010-11-03,0.38,-0.07,0.2,0.001
2010-11-04,1.94,0.47,1.06,0.001
2010-11-05,0.41,-0.11,0.64,0.001
2010-11-08,-0.12,0.45,-0.49,0.001
2010-11-09,-0.78,-0.4,-0.47,0.001
2010-11-10,0.53,0.56,0.58,0.001
2010-11-11,-0.35,-0.07,-0.15,0.001
2010-11-12,-1.29,-0.48,-0.05,0.001
2010-11-15,-0.09,0.19,0.32,0.001
2010-11-16,-1.58,-0.34,-0.1,0.001
2010-11-17,0.07,0.36,-0.29,0.001
2010-11-18,1.57,0.32,-0.31,0.001
2010-11-19,0.31,0.2,-0.22,0.001
2010-11-22,-0.02,0.61,-0.96,0.001
2010-11-23,-1.38,0.49,-0.28,0.001
2010-11-24,1.59,0.67,0.04,0.001
2010-11-26,-0.67,0.3,-0.36,0.001
2010-11-29,-0.13,0,0.42,0.001
2010-11-30,-0.59,-0.2,0.02,0.001
2010-12-01,2.12,-0.08,0.01,0.001
2010-12-02,1.23,-0.32,0.64,0.001
2010-12-03,0.35,0.4,0.07,0.001
2010-12-06,-0.03,0.76,-0.05,0.001
2010-12-07,0.1,0.35,0.05,0.001
2010-12-08,0.32,-0.54,0.68,0.001
2010-12-09,0.42,-0.03,0.62,0.001
2010-12-10,0.67,0.44,0.23,0.001
2010-12-13,-0.08,-0.58,0.05,0.001
2010-12-14,0.09,-0.04,-0.12,0.001
2010-12-15,-0.49,0.21,-0.55,0.001
2010-12-16,0.7,0.43,-0.13,0.001
2010-12-17,0.15,0.16,-0.17,0.001
2010-12-20,0.23,-0.01,0.31,0.001
2010-12-21,0.68,0.35,0.75,0.001
2010-12-22,0.29,-0.38,0.82,0.001
2010-12-23,-0.16,0.1,-0.31,0.001
2010-12-27,0.08,0.21,0.47,0.001
2010-12-28,0,-0.43,0.17,0.001
2010-12-29,0.17,0.12,-0.15,0.001
2010-12-30,-0.11,0.14,-0.05,0.001
2010-12-31,-0.1,-0.64,0.23,0.001
2011-01-03,1.18,0.5,0.77,0
2011-01-04,-0.26,-1.38,0.07,0
2011-01-05,0.59,0.59,0.13,0
2011-01-06,-0.15,-0.07,-0.34,0
2011-01-07,-0.21,-0.25,-0.27,0
2011-01-10,-0.02,0.53,-0.16,0
2011-01-11,0.39,0.12,0.18,0
2011-01-12,0.87,-0.07,0.27,0
2011-01-13,-0.17,0.14,-0.35,0
2011-01-14,0.69,0.02,0.59,0
2011-01-18,0.18,0.09,-0.51,0
2011-01-19,-1.24,-1.36,-0.53,0
2011-01-20,-0.29,-1.04,0.7,0
2011-01-21,0.11,-0.9,0.59,0
2011-01-24,0.65,0.3,-0.28,0
2011-01-25,0.02,0.01,0.12,0
2011-01-26,0.6,1.39,-0.23,0
2011-01-27,0.26,-0.1,0.35,0
2011-01-28,-1.88,-0.87,-0.04,0
2011-01-31,0.71,0.02,-0.28,0
2011-02-01,1.75,0.48,0.51,0.001
2011-02-02,-0.26,-0.03,-0.4,0.001
2011-02-03,0.26,-0.04,-0.05,0.001
2011-02-04,0.29,0.06,-0.52,0.001
2011-02-07,0.7,0.26,0.6,0.001
2011-02-08,0.48,0.22,0,0.001
2011-02-09,-0.31,-0.19,-0.07,0.001
2011-02-10,0.12,0.33,-0.3,0.001
2011-02-11,0.67,0.39,0.51,0.001
2011-02-14,0.3,0.21,-0.16,0.001
2011-02-15,-0.38,-0.36,0.31,0.001
2011-02-16,0.68,0.36,0.26,0.001
2011-02-17,0.37,0.36,0.18,0.001
2011-02-18,0.12,-0.1,0.05,0.001
2011-02-22,-2.19,-0.52,-0.3,0.001
2011-02-23,-0.78,-1.16,0.41,0.001
2011-02-24,0.04,0.72,-0.35,0.001
2011-02-25,1.22,1.01,0.25,0.001
2011-02-28,0.42,-0.44,0.25,0.001
2011-03-01,-1.58,-0.31,-0.06,0
2011-03-02,0.28,0.31,-0.29,0
2011-03-03,1.76,0.45,-0.05,0
2011-03-04,-0.67,0.28,-0.55,0
2011-03-07,-0.96,-0.74,0.1,0
2011-03-08,0.97,0.45,0.69,0
2011-03-09,-0.17,-0.27,0.33,0
2011-03-10,-1.93,-0.75,-0.32,0
2011-03-11,0.69,-0.34,0.14,0
2011-03-14,-0.59,0.11,-0.42,0
2011-03-15,-1.05,0.28,-0.15,0
2011-03-16,-1.77,0.64,-0.12,0
2011-03-17,1.12,-0.81,0.58,0
2011-03-18,0.49,0.54,0.2,0
2011-03-21,1.58,0.99,-0.24,0
2011-03-22,-0.34,-0.09,-0.05,0
2011-03-23,0.31,0.15,-0.45,0
2011-03-24,0.96,-0.09,-0.42,0
2011-03-25,0.41,0.42,-0.02,0
2011-03-28,-0.35,0.03,-0.22,0
2011-03-29,0.74,0.26,-0.23,0
2011-03-30,0.79,0.42,0.07,0
2011-03-31,-0.11,0.61,-0.3,0
2011-04-01,0.52,-0.12,0.21,0
2011-04-04,0.09,0.24,-0.13,0
2011-04-05,0.08,0.48,-0.22,0
2011-04-06,0.21,-0.2,0.65,0
2011-04-07,-0.2,-0.21,-0.19,0
2011-04-08,-0.47,-0.55,-0.28,0
2011-04-11,-0.39,-0.63,-0.05,0
2011-04-12,-0.84,-0.68,0.08,0
2011-04-13,0.11,0.15,-0.71,0
2011-04-14,0,0.38,-0.35,0
2011-04-15,0.44,0.58,-0.09,0
2011-04-18,-1.15,-0.39,-0.33,0
2011-04-19,0.5,-0.35,-0.19,0
2011-04-20,1.45,0.62,-0.58,0
2011-04-21,0.56,0.32,-0.07,0
2011-04-25,-0.16,-0.05,-0.04,0
2011-04-26,0.89,0.15,-0.01,0
2011-04-27,0.66,-0.11,-0.23,0
2011-04-28,0.32,-0.12,0.16,0
2011-04-29,0.29,0.2,-0.08,0
2011-05-02,-0.28,-0.9,-0.2,0
2011-05-03,-0.5,-1.03,0.42,0
2011-05-04,-0.74,-0.55,-0.09,0
2011-05-05,-0.82,0.5,-0.31,0
2011-05-06,0.46,0.04,-0.17,0
2011-05-09,0.55,0.67,-0.5,0
2011-05-10,0.86,0.66,0.26,0
2011-05-11,-1.09,-0.62,-0.41,0
2011-05-12,0.52,0.36,-0.42,0
2011-05-13,-0.88,-0.45,-0.33,0
2011-05-16,-0.76,-1.02,0.43,0
2011-05-17,-0.11,-0.48,0.16,0
2011-05-18,1.02,0.66,-0.31,0
2011-05-19,0.22,-0.04,-0.1,0
2011-05-20,-0.73,0.1,-0.19,0
2011-05-23,-1.29,-0.52,0.02,0
2011-05-24,-0.14,-0.28,-0.05,0
2011-05-25,0.45,1.03,-0.36,0
2011-05-26,0.52,0.68,-0.13,0
2011-05-27,0.49,0.19,0.23,0
2011-05-31,1.04,0.45,-0.04,0
2011-06-01,-2.33,-0.74,-0.29,0
2011-06-02,-0.1,-0.04,0.1,0
2011-06-03,-1.1,-0.54,0.16,0
2011-06-06,-1.18,-0.25,-0.31,0
2011-06-07,-0.04,0.32,-0.1,0
2011-06-08,-0.54,-0.73,0.06,0
2011-06-09,0.75,-0.09,0,0
2011-06-10,-1.37,-0.25,0.43,0
2011-06-13,0.01,-0.56,0.41,0
2011-06-14,1.36,1.06,-0.41,0
2011-06-15,-1.72,-0.02,-0.15,0
2011-06-16,0.12,-0.08,0.47,0
2011-06-17,0.25,-0.4,0.68,0
2011-06-20,0.58,0.39,-0.1,0
2011-06-21,1.52,0.97,-0.41,0
2011-06-22,-0.62,-0.11,0.02,0
2011-06-23,-0.14,0.65,-0.82,0
2011-06-24,-1.1,0.45,0.09,0
2011-06-27,0.89,0.05,-0.03,0
2011-06-28,1.36,0.44,-0.54,0
2011-06-29,0.77,-0.7,0.65,0
2011-06-30,0.99,0.18,-0.25,0
2011-07-01,1.45,-0.04,0.15,0
2011-07-05,-0.08,0.23,-0.85,0
2011-07-06,0.18,0.43,-0.58,0
2011-07-07,1.1,0.46,0.16,0
2011-07-08,-0.67,0.01,-0.41,0
2011-07-11,-1.91,-0.12,-0.33,0
2011-07-12,-0.45,0.03,0.43,0
2011-07-13,0.45,0.58,-0.14,0
2011-07-14,-0.82,-0.82,0.14,0
2011-07-15,0.58,0.11,-0.52,0
2011-07-18,-0.94,-0.57,-0.42,0
2011-07-19,1.72,0.57,-0.66,0
2011-07-20,-0.1,-0.32,0.79,0
2011-07-21,1.29,-0.36,1.1,0
2011-07-22,0.1,-0.1,-0.7,0
2011-07-25,-0.68,-0.59,0.14,0
2011-07-26,-0.47,-0.35,0.31,0
2011-07-27,-2.16,-0.76,0.39,0
2011-07-28,-0.31,0.11,-0.02,0
2011-07-29,-0.56,0.25,0.11,0
2011-08-01,-0.4,-0.16,0.15,0
2011-08-02,-2.68,-0.43,0.19,0
2011-08-03,0.58,0.24,-0.4,0
2011-08-04,-5.04,-0.8,0.39,0
2011-08-05,-0.36,-1.22,-0.58,0
2011-08-08,-6.97,-1.39,-1.63,0
2011-08-09,4.97,0.91,0.71,0
2011-08-10,-4.3,-0.5,-1.6,0
2011-08-11,4.72,0.24,0.79,0
2011-08-12,0.54,-0.24,-1.51,0
2011-08-15,2.25,0.46,1.01,0
2011-08-16,-1.07,-0.8,-0.14,0
2011-08-17,-0.01,-0.32,0.65,0
2011-08-18,-4.65,-0.97,0.53,0
2011-08-19,-1.55,0.13,-0.35,0
2011-08-22,-0.03,0.16,-0.91,0
2011-08-23,3.6,1.25,-0.77,0
2011-08-24,1.35,-0.18,1.01,0
2011-08-25,-1.67,-1.01,0.52,0
2011-08-26,1.74,0.86,-1.01,0
2011-08-29,3.11,1.52,0.92,0
2011-08-30,0.32,0.29,-0.76,0
2011-08-31,0.42,-0.81,0.49,0
2011-09-01,-1.33,-1.06,-0.78,0
2011-09-02,-2.64,-0.75,-0.75,0
2011-09-06,-0.72,0.51,-0.65,0
2011-09-07,3.06,0.89,1.03,0
2011-09-08,-1.18,-0.74,-0.61,0
2011-09-09,-2.65,-0.18,-0.03,0
2011-09-12,0.68,0,0.36,0
2011-09-13,1.12,0.78,-0.4,0
2011-09-14,1.45,0.42,-0.38,0
2011-09-15,1.64,-0.57,0.58,0
2011-09-16,0.47,-0.35,-0.36,0
2011-09-19,-0.99,-0.5,-1.28,0
2011-09-20,-0.45,-1.48,0.24,0
2011-09-21,-2.92,-0.32,-1.26,0
2011-09-22,-3.29,0.14,0.46,0
2011-09-23,0.74,0.65,-0.03,0
2011-09-26,2.28,-0.66,1.28,0
2011-09-27,1.22,1.06,-0.61,0
2011-09-28,-2.29,-1.65,-0.25,0
2011-09-29,0.77,0.57,2.11,0
2011-09-30,-2.5,-0.09,-0.21,0
2011-10-03,-3.18,-1.91,-0.61,0
2011-10-04,2.68,3.59,0.45,0
2011-10-05,1.92,-0.19,-0.46,0
2011-10-06,1.94,0.18,0.58,0
2011-10-07,-0.98,-1.24,-1.47,0
2011-10-10,3.44,0.45,0.64,0
2011-10-11,0.15,0.65,-0.12,0
2011-10-12,1.07,0.45,0.94,0
2011-10-13,-0.21,0.29,-1.27,0
2011-10-14,1.72,0.14,-0.33,0
2011-10-17,-2.06,-1.25,-0.51,0
2011-10-18,2.11,0.6,1.66,0
2011-10-19,-1.38,-0.75,0.32,0
2011-10-20,0.43,-0.32,0.74,0
2011-10-21,1.92,0.13,0.09,0
2011-10-24,1.59,1.74,-0.37,0
2011-10-25,-2.13,-0.88,-0.32,0
2011-10-26,1.12,0.65,0.8,0
2011-10-27,3.54,1.38,0.91,0
2011-10-28,-0.01,-0.56,-0.57,0
2011-10-31,-2.5,0.1,-0.86,0
2011-11-01,-2.86,-0.49,-1.17,0
2011-11-02,1.72,0.74,0.94,0
2011-11-03,1.97,0.6,-0.15,0
2011-11-04,-0.53,0.02,-0.66,0
2011-11-07,0.48,-0.7,0.4,0
2011-11-08,1.21,-0.01,0.55,0
2011-11-09,-3.78,-0.77,-0.68,0
2011-11-10,0.83,0.05,0.55,0
2011-11-11,1.98,0.46,-0.18,0
2011-11-14,-0.92,-0.44,-0.86,0
2011-11-15,0.56,0.88,-0.25,0
2011-11-16,-1.64,-0.15,-0.17,0
2011-11-17,-1.65,0.23,0.15,0
2011-11-18,-0.07,0.03,0.91,0
2011-11-21,-1.87,-0.49,-0.04,0
2011-11-22,-0.44,-0.28,-0.53,0
2011-11-23,-2.29,-0.7,-0.28,0
2011-11-25,-0.34,-1.02,0.48,0
2011-11-28,3.1,1.59,-0.64,0
2011-11-29,0.18,-0.51,0.11,0
2011-11-30,4.44,1.05,1.17,0
2011-12-01,-0.22,-0.5,-0.67,0
2011-12-02,0.05,0.44,0.63,0
2011-12-05,1.09,0.28,0.29,0
2011-12-06,0.04,-0.07,0.04,0
2011-12-07,0.16,-0.31,0.74,0
2011-12-08,-2.23,-0.74,-1.03,0
2011-12-09,1.83,1.31,0.13,0
2011-12-12,-1.48,0.07,-0.49,0
2011-12-13,-1.05,-1.01,0.08,0
2011-12-14,-1.21,-0.28,0.91,0
2011-12-15,0.4,0.64,0.16,0
2011-12-16,0.45,0.22,-0.06,0
2011-12-19,-1.31,-0.41,-0.71,0
2011-12-20,3.1,0.76,0.35,0
2011-12-21,0.2,0,1.29,0
2011-12-22,0.83,-0.2,0.66,0
2011-12-23,0.84,-0.62,-0.12,0
2011-12-27,0.04,0.5,-0.55,0
2011-12-28,-1.34,-0.7,-0.08,0
2011-12-29,1.1,0.19,0.29,0
2011-12-30,-0.4,-0.05,-0.18,0
2012-01-03,1.5,-0.18,0.92,0
2012-01-04,0,-0.65,0.03,0
2012-01-05,0.39,0.18,0.19,0
2012-01-06,-0.19,0.02,-0.27,0
2012-01-09,0.28,0.23,-0.06,0
2012-01-10,0.97,0.37,0.38,0
2012-01-11,0.13,0.17,0.32,0
2012-01-12,0.31,0.29,0,0
2012-01-13,-0.52,-0.24,-0.43,0
2012-01-17,0.36,-0.09,-0.75,0
2012-01-18,1.22,0.56,0.19,0
2012-01-19,0.51,-0.14,-0.21,0
2012-01-20,0.03,0.24,0.65,0
2012-01-23,0.02,-0.3,0.16,0
2012-01-24,0,0.82,-0.32,0
2012-01-25,0.91,0.11,-0.8,0
2012-01-26,-0.59,0.22,-0.45,0
2012-01-27,0.01,0.81,-0.13,0
2012-01-30,-0.31,-0.44,-0.29,0
2012-01-31,-0.05,-0.05,0.01,0
2012-02-01,1.1,1.09,0.38,0
2012-02-02,0.17,0.39,0.01,0
2012-02-03,1.58,0.58,0.38,0
2012-02-06,-0.05,-0.25,-0.21,0
2012-02-07,0.16,-0.27,-0.09,0
2012-02-08,0.25,-0.14,0.46,0
2012-02-09,0.15,-0.36,-0.31,0
2012-02-10,-0.75,-0.61,-0.05,0
2012-02-13,0.75,0.6,-0.06,0
2012-02-14,-0.09,-0.39,-0.36,0
2012-02-15,-0.5,-0.29,0.09,0
2012-02-16,1.27,0.68,0.33,0
2012-02-17,0.16,-0.31,0.51,0
2012-02-21,-0.05,-0.66,0.26,0
2012-02-22,-0.39,-0.38,-0.66,0
2012-02-23,0.56,0.92,-0.03,0
2012-02-24,0.15,-0.46,-0.64,0
2012-02-27,0.14,-0.22,0.37,0
2012-02-28,0.28,-0.62,-0.11,0
2012-02-29,-0.55,-1.02,0.16,0
2012-03-01,0.64,-0.23,0.06,0
2012-03-02,-0.46,-1.25,-0.06,0
2012-03-05,-0.4,0.46,0.29,0
2012-03-06,-1.62,-0.3,-0.36,0
2012-03-07,0.8,0.3,0.28,0
2012-03-08,1.07,0.36,-0.25,0
2012-03-09,0.49,0.9,0.16,0
2012-03-12,-0.07,-0.21,-0.07,0
2012-03-13,1.86,0.08,0.97,0
2012-03-14,-0.23,-0.63,-0.2,0
2012-03-15,0.67,0.27,0.51,0
2012-03-16,0.06,-0.28,0.37,0
2012-03-19,0.41,0.53,-0.04,0
2012-03-20,-0.39,-0.64,0.3,0
2012-03-21,-0.1,0.3,-0.41,0
2012-03-22,-0.74,-0.13,-0.45,0
2012-03-23,0.39,0.56,0.36,0
2012-03-26,1.45,0.46,-0.21,0
2012-03-27,-0.3,-0.34,-0.34,0
2012-03-28,-0.52,-0.03,0.5,0
2012-03-29,-0.16,-0.03,-0.27,0
2012-03-30,0.28,-0.71,-0.04,0
2012-04-02,0.77,0.36,0.07,0
2012-04-03,-0.34,-0.29,-0.28,0
2012-04-04,-1.11,-0.57,-0.04,0
2012-04-05,-0.03,-0.1,-0.42,0
2012-04-09,-1.21,-0.45,-0.08,0
2012-04-10,-1.85,-0.41,0.09,0
2012-04-11,0.85,0.77,0.27,0
2012-04-12,1.44,0.06,0.29,0
2012-04-13,-1.25,-0.14,-0.76,0
2012-04-16,-0.09,0.15,0.82,0
2012-04-17,1.55,0.06,-0.21,0
2012-04-18,-0.43,-0.5,-0.45,0
2012-04-19,-0.57,-0.02,0.25,0
2012-04-20,0.11,0.54,-0.1,0
2012-04-23,-0.95,-0.56,0.15,0
2012-04-24,0.29,0.26,0.91,0
2012-04-25,1.44,0.4,-0.98,0
2012-04-26,0.75,-0.02,-0.06,0
2012-04-27,0.35,0.69,-0.25,0
2012-04-30,-0.49,-0.57,0,0
2012-05-01,0.48,-0.86,0.41,0
2012-05-02,-0.15,0.72,-0.67,0
2012-05-03,-0.92,-0.62,0.01,0
2012-05-04,-1.62,-0.26,0.18,0
2012-05-07,0.04,0.14,0.46,0
2012-05-08,-0.41,0.33,0.32,0
2012-05-09,-0.62,0.16,-0.24,0
2012-05-10,0.29,0.06,0.56,0
2012-05-11,-0.29,0.27,-1.07,0
2012-05-14,-1.14,-0.06,-0.16,0
2012-05-15,-0.52,0.51,-0.21,0
2012-05-16,-0.44,-0.16,-0.45,0
2012-05-17,-1.64,-0.48,0.38,0
2012-05-18,-0.8,-0.13,0.07,0
2012-05-21,1.69,0.65,-1.1,0
2012-05-22,0,-0.91,0.35,0
2012-05-23,0.26,0.5,-0.23,0
2012-05-24,0.16,-0.03,0.18,0
2012-05-25,-0.16,0.24,-0.14,0
2012-05-29,1.14,0.16,-0.02,0
2012-05-30,-1.47,-0.27,-0.32,0
2012-05-31,-0.23,0.16,0.53,0
2012-06-01,-2.6,-0.53,0.06,0
2012-06-04,-0.05,0.14,-0.59,0
2012-06-05,0.68,0.24,0.17,0
2012-06-06,2.32,0.04,0.28,0
2012-06-07,-0.1,-0.47,0.21,0
2012-06-08,0.85,0.2,0.05,0
2012-06-11,-1.41,-0.86,-0.1,0
2012-06-12,1.16,0.11,0.11,0
2012-06-13,-0.77,-0.51,0.27,0
2012-06-14,1.04,0.19,0.32,0
2012-06-15,1.07,0.09,-0.03,0
2012-06-18,0.21,0.12,-0.87,0
2012-06-19,1.09,0.69,0.28,0
2012-06-20,-0.14,-0.11,0.17,0
2012-06-21,-2.26,-0.19,0.18,0
2012-06-22,0.79,0.64,0.18,0
2012-06-25,-1.63,0.1,-0.28,0
2012-06-26,0.52,-0.11,0.03,0
2012-06-27,0.92,0.39,0.47,0
2012-06-28,-0.24,0.19,0.31,0
2012-06-29,2.55,0.36,-0.61,0
2012-07-02,0.33,0.73,-0.06,0
2012-07-03,0.76,0.65,0.07,0
2012-07-05,-0.36,0.57,-0.84,0
2012-07-06,-0.99,-0.38,0.39,0
2012-07-09,-0.23,-0.23,-0.22,0
2012-07-10,-0.84,-0.36,0.33,0
2012-07-11,-0.09,-0.41,0.78,0
2012-07-12,-0.5,0.25,-0.72,0
2012-07-13,1.62,-0.4,0.56,0
2012-07-16,-0.31,-0.37,-0.2,0
2012-07-17,0.67,-0.56,0.29,0
2012-07-18,0.71,0.25,-0.82,0
2012-07-19,0.27,-0.37,-0.95,0
2012-07-20,-1.06,-0.36,0.08,0
2012-07-23,-1.02,-0.68,0.19,0
2012-07-24,-0.99,-0.57,0.3,0
2012-07-25,-0.01,0.27,0,0
2012-07-26,1.53,-0.89,0.34,0
2012-07-27,1.96,0.55,0.07,0
2012-07-30,-0.13,-0.41,0.23,0
2012-07-31,-0.47,-0.04,0.2,0
2012-08-01,-0.5,-1.58,0.36,0
2012-08-02,-0.69,0.28,-0.34,0
2012-08-03,1.99,0.53,0.51,0
2012-08-06,0.34,0.59,0.02,0
2012-08-07,0.64,0.33,0.08,0
2012-08-08,0.09,-0.24,0.63,0
2012-08-09,0.12,0.36,0.04,0
2012-08-10,0.17,-0.35,-0.05,0
2012-08-13,-0.14,-0.14,0.02,0
2012-08-14,-0.03,-0.43,-0.03,0
2012-08-15,0.27,0.73,-0.06,0
2012-08-16,0.75,0.45,-0.16,0
2012-08-17,0.27,0.61,0.11,0
2012-08-20,-0.06,-0.47,0.58,0
2012-08-21,-0.31,0.1,0.43,0
2012-08-22,0,-0.42,-0.35,0
2012-08-23,-0.78,0,-0.35,0
2012-08-24,0.61,-0.25,-0.03,0
2012-08-27,-0.06,0.13,-0.1,0
2012-08-28,0.01,0.59,-0.11,0
2012-08-29,0.15,0.25,0.11,0
2012-08-30,-0.8,-0.44,-0.04,0
2012-08-31,0.52,-0.1,-0.03,0
2012-09-04,0.08,1,-0.19,0
2012-09-05,-0.05,-0.09,0.36,0
2012-09-06,2.07,-0.12,0.33,0
2012-09-07,0.45,-0.03,0.76,0
2012-09-10,-0.57,0.33,-0.07,0
2012-09-11,0.28,0,0.51,0
2012-09-12,0.27,0.14,0.28,0
2012-09-13,1.56,-0.42,0.53,0
2012-09-14,0.54,0.51,0.46,0
2012-09-17,-0.42,-0.16,-0.71,0
2012-09-18,-0.15,0,-0.22,0
2012-09-19,0.18,-0.14,0.03,0
2012-09-20,-0.13,-0.44,-0.12,0
2012-09-21,0.04,0.5,-0.01,0
2012-09-24,-0.26,-0.18,0.35,0
2012-09-25,-1.11,-0.31,-0.33,0
2012-09-26,-0.57,-0.03,0.01,0
2012-09-27,0.99,0.23,-0.13,0
2012-09-28,-0.46,-0.29,-0.23,0
2012-10-01,0.26,0.08,0.22,0
2012-10-02,0.1,-0.15,0.25,0
2012-10-03,0.36,-0.64,-0.03,0
2012-10-04,0.76,-0.21,0.7,0
2012-10-05,-0.03,-0.16,0.23,0
2012-10-08,-0.36,-0.24,0.19,0
2012-10-09,-1.05,-0.31,0.33,0
2012-10-10,-0.58,0.41,0.28,0
2012-10-11,0.11,0.25,0.62,0
2012-10-12,-0.34,-0.3,-0.87,0
2012-10-15,0.79,-0.16,0.12,0
2012-10-16,1,-0.24,-0.22,0
2012-10-17,0.49,0.14,1.05,0
2012-10-18,-0.31,-0.59,0.24,0
2012-10-19,-1.68,-0.41,0.46,0
2012-10-22,0.01,-0.05,0.18,0
2012-10-23,-1.29,1,-0.49,0
2012-10-24,-0.28,-0.13,0.41,0
2012-10-25,0.27,0.2,0.03,0
2012-10-26,-0.07,-0.13,-0.43,0
2012-10-31,0.14,0.49,0.37,0
2012-11-01,1.19,0.18,0.14,0
2012-11-02,-1.04,-0.53,0.24,0
2012-11-05,0.28,0.43,-0.22,0
2012-11-06,0.8,-0.08,0.53,0
2012-11-07,-2.31,-0.02,-1.34,0
2012-11-08,-1.24,-0.26,0.44,0
2012-11-09,0.15,0.01,-0.11,0
2012-11-12,0,-0.16,0.02,0
2012-11-13,-0.4,-0.2,-0.29,0
2012-11-14,-1.4,-0.35,-0.19,0
2012-11-15,-0.24,-0.41,0.22,0
2012-11-16,0.58,0.06,0.07,0
2012-11-19,1.98,0.23,-0.06,0
2012-11-20,0.11,-0.06,0.17,0
2012-11-21,0.31,0.37,-0.15,0
2012-11-23,1.28,-0.16,0.08,0
2012-11-26,-0.14,0.55,-0.18,0
2012-11-27,-0.43,0.46,-0.2,0
2012-11-28,0.83,0.04,-0.31,0
2012-11-29,0.54,0.7,0,0
2012-11-30,0.02,-0.16,0.28,0
2012-12-03,-0.46,0.3,0.24,0.001
2012-12-04,-0.16,0.36,-0.03,0.001
2012-12-05,0.17,-0.68,0.88,0.001
2012-12-06,0.31,-0.17,-0.11,0.001
2012-12-07,0.27,-0.42,0.29,0.001
2012-12-10,0.11,0.45,-0.05,0.001
2012-12-11,0.68,0.46,-0.08,0.001
2012-12-12,-0.02,-0.72,0.52,0.001
2012-12-13,-0.58,0.1,0.07,0.001
2012-12-14,-0.34,0.29,0.23,0.001
2012-12-17,1.16,-0.07,0.62,0.001
2012-12-18,1.2,0.3,0.08,0.001
2012-12-19,-0.6,0.61,0.27,0.001
2012-12-20,0.53,-0.25,0.75,0.001
2012-12-21,-0.88,0.47,-0.27,0.001
2012-12-24,-0.24,-0.19,-0.02,0.001
2012-12-26,-0.54,-0.18,0.31,0.001
2012-12-27,-0.11,0,-0.13,0.001
2012-12-28,-1,0.47,0.03,0.001
2012-12-31,1.71,0.39,-0.12,0.001
2013-01-02,2.62,0.14,0.38,0
2013-01-03,-0.14,0.11,0.04,0
2013-01-04,0.55,0.12,0.36,0
2013-01-07,-0.31,-0.1,-0.35,0
2013-01-08,-0.27,0.05,0,0
2013-01-09,0.34,0.27,-0.4,0
2013-01-10,0.66,-0.65,0.49,0
2013-01-11,0.02,0.09,-0.43,0
2013-01-14,-0.06,0.04,-0.05,0
2013-01-15,0.19,0.23,0,0
2013-01-16,-0.04,-0.26,0.23,0
2013-01-17,0.61,0.41,-0.1,0
2013-01-18,0.29,0.03,-0.09,0
2013-01-22,0.48,0.16,0.44,0
2013-01-23,0.1,-0.31,-0.13,0
2013-01-24,0.09,0.29,0.04,0
2013-01-25,0.59,-0.15,-0.32,0
2013-01-28,-0.14,0.41,0.15,0
2013-01-29,0.36,-0.45,0.31,0
2013-01-30,-0.38,-0.84,0.16,0
2013-01-31,-0.08,0.69,0.17,0
2013-02-01,0.99,0.07,0.24,0
2013-02-04,-1.19,-0.14,-0.17,0
2013-02-05,1.07,-0.08,0.14,0
2013-02-06,0.15,0.28,0.14,0
2013-02-07,-0.15,-0.04,0.02,0
2013-02-08,0.58,0.01,-0.18,0
2013-02-11,-0.08,-0.02,0.38,0
2013-02-12,0.16,0.22,0.72,0
2013-02-13,0.14,0.1,0.01,0
2013-02-14,0.11,0.3,0.12,0
2013-02-15,-0.11,0.04,-0.09,0
2013-02-19,0.74,0.22,0.15,0
2013-02-20,-1.36,-0.54,-0.61,0
2013-02-21,-0.66,-0.28,-0.03,0
2013-02-22,0.94,0.21,-0.04,0
2013-02-25,-1.82,-0.18,-0.72,0
2013-02-26,0.58,-0.17,0.04,0
2013-02-27,1.29,-0.38,0.15,0
2013-02-28,-0.05,0.11,-0.13,0
2013-03-01,0.22,0.16,-0.3,0
2013-03-04,0.47,-0.34,0.11,0
2013-03-05,1.01,0.18,-0.17,0
2013-03-06,0.18,0.04,0.47,0
2013-03-07,0.27,0.18,0.43,0
2013-03-08,0.52,0.38,-0.16,0
2013-03-11,0.3,-0.33,0.26,0
2013-03-12,-0.22,0.04,-0.18,0
2013-03-13,0.2,0.18,0.14,0
2013-03-14,0.58,0.37,0.4,0
2013-03-15,-0.19,0.02,0.39,0
2013-03-18,-0.5,0.14,-0.29,0
2013-03-19,-0.24,-0.01,0.01,0
2013-03-20,0.76,0.25,-0.01,0
2013-03-21,-0.85,0.18,-0.26,0
2013-03-22,0.62,-0.44,-0.25,0
2013-03-25,-0.29,0.3,0.02,0
2013-03-26,0.76,-0.39,-0.21,0
2013-03-27,-0.02,0.14,-0.29,0
2013-03-28,0.39,-0.27,-0.27,0
2013-04-01,-0.57,-0.92,0.02,0
2013-04-02,0.33,-0.88,-0.27,0
2013-04-03,-1.16,-0.41,-0.11,0
2013-04-04,0.42,0.19,0.26,0
2013-04-05,-0.41,0.05,0.31,0
2013-04-08,0.7,0.15,0.26,0
2013-04-09,0.31,-0.41,0.17,0
2013-04-10,1.28,0.63,-0.08,0
2013-04-11,0.35,-0.23,-0.18,0
2013-04-12,-0.28,-0.09,-0.45,0
2013-04-15,-2.48,-1.44,-0.27,0
2013-04-16,1.47,0.18,0.08,0
2013-04-17,-1.46,-0.26,-0.52,0
2013-04-18,-0.71,0.18,-0.03,0
2013-04-19,0.97,0.07,0.1,0
2013-04-22,0.45,-0.17,-0.13,0
2013-04-23,1.11,0.47,0.61,0
2013-04-24,0.06,0.35,1.15,0
2013-04-25,0.49,0.17,-0.11,0
2013-04-26,-0.2,-0.36,-0.24,0
2013-04-29,0.67,0.09,-0.09,0
2013-04-30,0.29,0.36,-0.01,0
2013-05-01,-1.08,-1.39,-0.17,0
2013-05-02,1.04,0.6,0.1,0
2013-05-03,1.12,0.63,0.18,0
2013-05-06,0.23,0.24,0.83,0
2013-05-07,0.54,0.1,0.15,0
2013-05-08,0.44,-0.24,0.15,0
2013-05-09,-0.31,0.1,-0.25,0
2013-05-10,0.54,0.44,-0.18,0
2013-05-13,-0.02,-0.21,-0.04,0
2013-05-14,1.1,0.13,0.27,0
2013-05-15,0.51,-0.12,0.21,0
2013-05-16,-0.5,0.15,-0.25,0
2013-05-17,1.04,-0.01,0.31,0
2013-05-20,-0.06,0.36,0.48,0
2013-05-21,0.16,-0.11,-0.06,0
2013-05-22,-0.92,-0.7,-0.14,0
2013-05-23,-0.19,0.46,-0.11,0
2013-05-24,-0.06,0.17,0.07,0
2013-05-28,0.77,0.63,0.23,0
2013-05-29,-0.7,-0.36,0.59,0
2013-05-30,0.5,0.32,0.48,0
2013-05-31,-1.31,0.52,-0.26,0
2013-06-03,0.48,0.15,0.07,0
2013-06-04,-0.55,-0.32,-0.15,0
2013-06-05,-1.38,0.07,-0.24,0
2013-06-06,0.89,0.18,0.21,0
2013-06-07,1.3,-0.47,0.06,0
2013-06-10,0.07,0.66,0.2,0
2013-06-11,-1.04,0.01,-0.57,0
2013-06-12,-0.82,0.02,-0.05,0
2013-06-13,1.47,0.1,0.34,0
2013-06-14,-0.59,-0.22,-0.57,0
2013-06-17,0.74,-0.08,0.12,0
2013-06-18,0.8,0.38,-0.08,0
2013-06-19,-1.28,0.16,0.15,0
2013-06-20,-2.45,0.01,0.4,0
2013-06-21,0.13,0.21,-0.07,0
2013-06-24,-1.19,0.09,-0.66,0
2013-06-25,0.96,-0.02,0.81,0
2013-06-26,0.92,-0.74,-0.16,0
2013-06-27,0.77,0.82,0.37,0
2013-06-28,-0.33,0.31,-0.13,0
2013-07-01,0.71,0.79,-0.12,0
2013-07-02,-0.1,0,0.05,0
2013-07-03,0.11,0.19,-0.21,0
2013-07-05,1.11,0.34,0.47,0
2013-07-08,0.53,-0.18,0.04,0
2013-07-09,0.74,0.04,0.3,0
2013-07-10,0.06,0.36,-0.37,0
2013-07-11,1.32,-0.09,-0.66,0
2013-07-12,0.33,-0.02,0.2,0
2013-07-15,0.2,0.49,0.33,0
2013-07-16,-0.41,0.03,0.09,0
2013-07-17,0.3,-0.03,0.19,0
2013-07-18,0.54,0.02,0.96,0
2013-07-19,0.09,-0.13,0.27,0
2013-07-22,0.22,0.09,0.33,0
2013-07-23,-0.15,0.1,0.3,0
2013-07-24,-0.39,-0.28,-0.27,0
2013-07-25,0.42,0.61,-0.36,0
2013-07-26,0.02,-0.61,-0.29,0
2013-07-29,-0.37,-0.31,-0.31,0
2013-07-30,0.12,0.2,-0.5,0
2013-07-31,0.09,0.13,0.13,0
2013-08-01,1.4,0.05,0.09,0
2013-08-02,0.2,-0.21,-0.32,0
2013-08-05,-0.07,0.48,-0.15,0
2013-08-06,-0.68,-0.33,-0.1,0
2013-08-07,-0.42,-0.37,-0.01,0
2013-08-08,0.47,0.01,0.04,0
2013-08-09,-0.29,0.12,-0.19,0
2013-08-12,-0.02,0.58,-0.23,0
2013-08-13,0.2,-0.31,-0.05,0
2013-08-14,-0.5,0.14,0.29,0
2013-08-15,-1.47,-0.37,0.28,0
2013-08-16,-0.26,0.04,0.13,0
2013-08-19,-0.62,-0.18,-0.75,0
2013-08-20,0.53,0.86,0.09,0
2013-08-21,-0.59,-0.02,-0.43,0
2013-08-22,0.93,0.52,0.07,0
2013-08-23,0.38,-0.22,-0.15,0
2013-08-26,-0.29,0.51,-0.48,0
2013-08-27,-1.75,-0.72,-0.34,0
2013-08-28,0.3,0.1,0.08,0
2013-08-29,0.34,0.81,-0.44,0
2013-08-30,-0.47,-1.14,-0.19,0
2013-09-03,0.46,0.03,0.17,0
2013-09-04,0.83,0.01,-0.18,0
2013-09-05,0.19,0.15,0.41,0
2013-09-06,0,0.03,0.02,0
2013-09-09,1.09,0.46,-0.22,0
2013-09-10,0.8,0.01,0.2,0
2013-09-11,0.28,-0.24,0.04,0
2013-09-12,-0.32,-0.23,-0.37,0
2013-09-13,0.29,0.25,-0.05,0
2013-09-16,0.49,-0.43,0.4,0
2013-09-17,0.54,0.47,-0.13,0
2013-09-18,1.1,-0.16,-0.47,0
2013-09-19,-0.13,0.17,-0.63,0
2013-09-20,-0.63,0.52,0.2,0
2013-09-23,-0.45,0.46,-0.42,0
2013-09-24,-0.13,0.53,0.02,0
2013-09-25,-0.23,0.02,0.58,0
2013-09-26,0.42,0.2,-0.72,0
2013-09-27,-0.39,-0.02,-0.02,0
2013-09-30,-0.49,0.52,0.01,0
2013-10-01,0.9,0.41,-0.1,0
2013-10-02,-0.1,-0.37,-0.07,0
2013-10-03,-0.88,-0.19,0.19,0
2013-10-04,0.74,-0.01,0.11,0
2013-10-07,-0.95,-0.27,-0.01,0
2013-10-08,-1.35,-0.49,0.79,0
2013-10-09,-0.05,-0.44,0.62,0
2013-10-10,2.23,0.16,-0.04,0
2013-10-11,0.71,0.79,0,0
2013-10-14,0.44,0.21,-0.09,0
2013-10-15,-0.73,-0.21,0.03,0
2013-10-16,1.37,-0.33,0.17,0
2013-10-17,0.7,0.16,-0.06,0
2013-10-18,0.72,0.28,0.13,0
2013-10-21,-0.02,-0.11,0.01,0
2013-10-22,0.5,-0.27,0.05,0
2013-10-23,-0.51,0.16,-0.33,0
2013-10-24,0.42,0.43,-0.3,0
2013-10-25,0.33,-0.32,0.08,0
2013-10-28,0.09,-0.07,0.06,0
2013-10-29,0.54,-0.14,-0.06,0
2013-10-30,-0.61,-0.78,0.47,0
2013-10-31,-0.34,-0.08,-0.45,0
2013-11-01,0.2,-0.67,0.23,0
2013-11-04,0.47,0.77,-0.06,0
2013-11-05,-0.23,-0.02,-0.25,0
2013-11-06,0.27,-0.83,0.34,0
2013-11-07,-1.46,-0.33,0.15,0
2013-11-08,1.45,0.51,0.46,0
2013-11-11,0.12,0,-0.13,0
2013-11-12,-0.19,0.41,-0.7,0
2013-11-13,0.9,0.11,-0.11,0
2013-11-14,0.43,-0.58,0.3,0
2013-11-15,0.43,0.07,-0.28,0
2013-11-18,-0.5,-0.46,0.46,0
2013-11-19,-0.27,-0.32,0.26,0
2013-11-20,-0.33,0.26,0.04,0
2013-11-21,0.97,0.78,-0.03,0
2013-11-22,0.5,-0.05,0.08,0
2013-11-25,-0.11,0.14,0.13,0
2013-11-26,0.18,0.84,-0.42,0
2013-11-27,0.3,0.34,-0.04,0
2013-11-29,-0.02,0.28,-0.15,0
2013-12-02,-0.31,-0.97,0.14,0
2013-12-03,-0.34,-0.07,-0.09,0
2013-12-04,-0.07,-0.22,0.29,0
2013-12-05,-0.35,0.7,-0.65,0
2013-12-06,1.02,-0.3,0.18,0
2013-12-09,0.17,-0.42,0.01,0
2013-12-10,-0.34,-0.58,0.23,0
2013-12-11,-1.17,-0.33,0.06,0
2013-12-12,-0.23,0.37,0.23,0
2013-12-13,0.1,0.25,0,0
2013-12-16,0.67,0.59,-0.13,0
2013-12-17,-0.26,0.24,-0.08,0
2013-12-18,1.55,-0.48,0.05,0
2013-12-19,-0.1,-0.56,0.24,0
2013-12-20,0.69,1.29,-0.29,0
2013-12-23,0.62,0.5,-0.01,0
2013-12-24,0.34,0.1,0.09,0
2013-12-26,0.44,-0.32,-0.31,0
2013-12-27,-0.05,-0.07,0.24,0
2013-12-30,0,0.03,-0.31,0
2013-12-31,0.44,-0.18,0.09,0
2014-01-02,-0.88,-0.28,0.18,0
2014-01-03,0.03,0.36,0.04,0
2014-01-06,-0.34,-0.57,0.3,0
2014-01-07,0.68,0.38,-0.37,0
2014-01-08,0.04,0,-0.11,0
2014-01-09,0.02,0.2,-0.44,0
2014-01-10,0.27,0.55,-0.82,0
2014-01-13,-1.32,-0.08,0.1,0
2014-01-14,1.15,0.15,-0.31,0
2014-01-15,0.53,0.21,0.2,0
2014-01-16,-0.07,0.32,-0.7,0
2014-01-17,-0.39,0.03,0.02,0
2014-01-21,0.3,0.47,0,0
2014-01-22,0.15,0.29,0.22,0
2014-01-23,-0.86,0.16,-0.54,0
2014-01-24,-2.19,-0.38,0.17,0
2014-01-27,-0.65,-0.84,0.38,0
2014-01-28,0.73,0.17,0.07,0
2014-01-29,-1.07,-0.4,0.21,0
2014-01-30,1.22,0.3,-0.38,0
2014-01-31,-0.66,-0.07,-0.34,0
2014-02-03,-2.49,-0.87,0.27,0
2014-02-04,0.77,-0.03,-0.03,0
2014-02-05,-0.23,-0.62,0.2,0
2014-02-06,1.21,-0.48,0.27,0
2014-02-07,1.33,-0.17,-0.63,0
2014-02-10,0.16,0.14,-0.47,0
2014-02-11,1.09,-0.19,0.25,0
2014-02-12,0.11,0.26,-0.06,0
2014-02-13,0.72,0.7,-0.07,0
2014-02-14,0.42,-0.37,0.36,0
2014-02-18,0.27,0.97,-0.24,0
2014-02-19,-0.74,-0.28,-0.44,0
2014-02-20,0.7,0.55,-0.22,0
2014-02-21,-0.09,0.35,-0.02,0
2014-02-24,0.65,0.18,0.33,0
2014-02-25,-0.1,0.15,-0.59,0
2014-02-26,0.12,0.69,-0.1,0
2014-02-27,0.54,0.14,0.01,0
2014-02-28,0.15,-0.72,0.84,0
2014-03-03,-0.7,0.09,0.14,0
2014-03-04,1.67,1.1,-0.12,0
2014-03-05,0.01,-0.27,0.29,0
2014-03-06,0.16,-0.33,0.77,0
2014-03-07,0.04,-0.11,0.52,0
2014-03-10,-0.09,-0.1,0.09,0
2014-03-11,-0.62,-0.53,-0.19,0
2014-03-12,0.13,0.3,-0.17,0
2014-03-13,-1.21,-0.11,0.22,0
2014-03-14,-0.16,0.7,-0.09,0
2014-03-17,0.9,-0.37,0.02,0
2014-03-18,0.82,0.74,-0.39,0
2014-03-19,-0.59,-0.18,0.62,0
2014-03-20,0.52,-0.49,1,0
2014-03-21,-0.37,-0.28,0.86,0
2014-03-24,-0.64,-0.88,0.9,0
2014-03-25,0.3,-0.35,0.15,0
2014-03-26,-0.89,-1.17,0.24,0
2014-03-27,-0.19,-0.1,-0.34,0
2014-03-28,0.41,-0.44,0.55,0
2014-03-31,0.97,1,-0.16,0
2014-04-01,0.87,0.74,-0.37,0
2014-04-02,0.29,0.04,0.14,0
2014-04-03,-0.31,-0.9,0.8,0
2014-04-04,-1.47,-1.12,0.69,0
2014-04-07,-1.26,-0.3,-0.07,0
2014-04-08,0.5,0.29,-0.21,0
2014-04-09,1.21,0.33,-0.86,0
2014-04-10,-2.24,-0.7,0.77,0
2014-04-11,-1.07,-0.39,0.23,0
2014-04-14,0.7,-0.51,0.2,0
2014-04-15,0.59,-0.37,0.2,0
2014-04-16,1.13,0.04,-0.36,0
2014-04-17,0.23,0.34,0.23,0
2014-04-21,0.36,0.22,-0.42,0
2014-04-22,0.58,0.73,-0.34,0
2014-04-23,-0.31,-0.65,0.91,0
2014-04-24,0.08,-0.4,-0.18,0
2014-04-25,-1.05,-0.97,0.53,0
2014-04-28,0.11,-0.63,-0.59,0
2014-04-29,0.56,-0.22,-0.11,0
2014-04-30,0.35,0.24,-0.03,0
2014-05-01,0.04,-0.17,-0.16,0
2014-05-02,-0.07,0.21,0.41,0
2014-05-05,0.13,-0.28,-0.54,0
2014-05-06,-1.03,-0.55,0.12,0
2014-05-07,0.45,-0.84,1.1,0
2014-05-08,-0.26,-1.01,0.38,0
2014-05-09,0.25,0.71,-0.36,0
2014-05-12,1.2,1.4,-0.25,0
2014-05-13,-0.05,-1.07,0.21,0
2014-05-14,-0.6,-1.09,-0.47,0
2014-05-15,-0.9,0.33,-0.28,0
2014-05-16,0.36,0.27,-0.42,0
2014-05-19,0.5,0.61,0.08,0
2014-05-20,-0.78,-0.82,0.23,0
2014-05-21,0.81,-0.27,0.1,0
2014-05-22,0.36,0.63,-0.26,0
2014-05-23,0.49,0.62,-0.23,0
2014-05-27,0.69,0.69,-0.17,0
2014-05-28,-0.11,-0.31,0.23,0
2014-05-29,0.54,-0.19,-0.1,0
2014-05-30,0.06,-0.66,0.26,0
2014-06-02,0.06,-0.68,0.39,0
2014-06-03,-0.05,-0.26,0.16,0
2014-06-04,0.28,0.23,-0.07,0
2014-06-05,0.77,1.29,-0.17,0
2014-06-06,0.54,0.48,-0.01,0
2014-06-09,0.22,1.02,-0.31,0
2014-06-10,-0.03,-0.18,-0.03,0
2014-06-11,-0.34,-0.14,-0.23,0
2014-06-12,-0.68,0.11,0.17,0
2014-06-13,0.31,-0.06,-0.18,0
2014-06-16,0.13,0.47,-0.69,0
2014-06-17,0.34,0.54,0.46,0
2014-06-18,0.75,-0.26,-0.09,0
2014-06-19,0.12,-0.15,-0.04,0
2014-06-20,0.18,0.17,0.05,0
2014-06-23,-0.01,-0.25,0.1,0
2014-06-24,-0.72,-0.34,-0.26,0
2014-06-25,0.53,0.36,0.16,0
2014-06-26,-0.11,-0.09,0.02,0
2014-06-27,0.26,0.49,-0.22,0
2014-06-30,0.07,0.27,0.17,0
2014-07-01,0.74,0.49,-0.39,0
2014-07-02,-0.03,-0.44,-0.21,0
2014-07-03,0.59,0.22,0.11,0
2014-07-07,-0.62,-1.27,0.34,0
2014-07-08,-0.82,-0.67,0.72,0
2014-07-09,0.46,-0.39,-0.12,0
2014-07-10,-0.49,-0.59,-0.02,0
2014-07-11,0.12,-0.2,-0.38,0
2014-07-14,0.46,0.01,-0.13,0
2014-07-15,-0.32,-0.96,1.01,0
2014-07-16,0.32,-0.63,0.36,0
2014-07-17,-1.21,-0.39,0.19,0
2014-07-18,1.12,0.5,-0.45,0
2014-07-21,-0.25,-0.24,0.05,0
2014-07-22,0.53,0.26,-0.3,0
2014-07-23,0.19,0.15,-0.76,0
2014-07-24,0.05,-0.31,0.03,0
2014-07-25,-0.53,-0.39,0.17,0
2014-07-28,-0.08,-0.46,0.27,0
2014-07-29,-0.33,0.72,-0.68,0
2014-07-30,0.12,0.44,-0.32,0
2014-07-31,-2.03,-0.21,0.48,0
2014-08-01,-0.32,-0.19,-0.05,0
2014-08-04,0.74,0.01,-0.21,0
2014-08-05,-0.84,0.79,-0.19,0
2014-08-06,0.02,0.39,0.19,0
2014-08-07,-0.52,-0.03,-0.15,0
2014-08-08,1.12,-0.22,-0.15,0
2014-08-11,0.4,0.59,-0.27,0
2014-08-12,-0.23,-0.59,0.25,0
2014-08-13,0.69,-0.09,-0.23,0
2014-08-14,0.44,-0.24,0.02,0
2014-08-15,0,-0.14,-0.14,0
2014-08-18,0.93,0.6,-0.18,0
2014-08-19,0.49,-0.13,-0.07,0
2014-08-20,0.19,-0.65,0.27,0
2014-08-21,0.28,-0.14,0.8,0
2014-08-22,-0.1,0.3,-0.36,0
2014-08-25,0.5,-0.23,0.03,0
2014-08-26,0.19,0.71,-0.33,0
2014-08-27,0,-0.22,0.14,0
2014-08-28,-0.19,-0.42,0.09,0
2014-08-29,0.39,0.28,0.09,0
2014-09-02,0.06,0.47,-0.09,0
2014-09-03,-0.14,-0.56,0.24,0
2014-09-04,-0.17,-0.14,-0.18,0
2014-09-05,0.45,-0.27,-0.03,0
2014-09-08,-0.22,0.53,-0.44,0
2014-09-09,-0.72,-0.42,0,0
2014-09-10,0.45,0.23,-0.41,0
2014-09-11,0.19,0.49,0.2,0
2014-09-12,-0.55,-0.22,0.11,0
2014-09-15,-0.28,-1.07,0.65,0
2014-09-16,0.7,-0.39,-0.1,0
2014-09-17,0.17,0.09,-0.22,0
2014-09-18,0.5,0.03,0.01,0
2014-09-19,-0.18,-0.96,0.03,0
2014-09-22,-0.97,-0.56,0.09,0
2014-09-23,-0.62,-0.3,-0.05,0
2014-09-24,0.81,0.11,-0.93,0
2014-09-25,-1.62,0.08,0.12,0
2014-09-26,0.85,-0.02,-0.24,0
2014-09-29,-0.22,0.17,-0.43,0
2014-09-30,-0.4,-1,0.11,0
2014-10-01,-1.39,-0.16,0.3,0
2014-10-02,0.15,1.03,-0.39,0
2014-10-03,1.08,-0.39,-0.44,0
2014-10-06,-0.26,-0.78,0.37,0
2014-10-07,-1.56,-0.14,0.13,0
2014-10-08,1.7,0.03,-0.06,0
2014-10-09,-2.17,-0.42,-0.41,0
2014-10-10,-1.3,-0.17,0.5,0
2014-10-13,-1.59,1.34,0.48,0
2014-10-14,0.28,0.87,-0.12,0
2014-10-15,-0.54,1.84,-1.33,0
2014-10-16,0.22,1.05,0.24,0
2014-10-17,1.14,-1.58,-0.09,0
2014-10-20,0.94,0.21,-0.32,0
2014-10-21,1.98,-0.43,0.07,0
2014-10-22,-0.85,-0.57,0.17,0
2014-10-23,1.29,0.53,-0.44,0
2014-10-24,0.66,-0.47,-0.12,0
2014-10-27,-0.17,0.12,-0.31,0
2014-10-28,1.37,1.58,0.03,0
2014-10-29,-0.18,-0.06,0.44,0
2014-10-30,0.6,0.27,-0.52,0
2014-10-31,1.23,0.29,0.2,0
2014-11-03,-0.01,-0.26,-0.07,0
2014-11-04,-0.35,-0.01,-0.2,0
2014-11-05,0.48,-0.56,0.86,0
2014-11-06,0.49,0.09,-0.47,0
2014-11-07,0.09,0,0.47,0
2014-11-10,0.33,0.2,-0.52,0
2014-11-11,0.1,0.02,-0.27,0
2014-11-12,0.07,0.75,-0.27,0
2014-11-13,-0.03,-0.9,-0.36,0
2014-11-14,0.06,-0.16,0.17,0
2014-11-17,-0.05,-0.98,0.24,0
2014-11-18,0.51,0.05,-0.35,0
2014-11-19,-0.21,-0.94,-0.04,0
2014-11-20,0.31,0.88,0.01,0
2014-11-21,0.48,-0.39,-0.07,0
2014-11-24,0.4,0.96,-0.55,0
2014-11-25,-0.09,0.04,-0.03,0
2014-11-26,0.3,0.1,-0.48,0
2014-11-28,-0.34,-0.89,-1.16,0
2014-12-01,-0.89,-0.99,0.62,0
2014-12-02,0.65,0.4,0.09,0
2014-12-03,0.46,0.42,0.32,0
2014-12-04,-0.17,-0.32,0.08,0
2014-12-05,0.25,0.58,0.25,0
2014-12-08,-0.82,-0.57,0.21,0
2014-12-09,0.13,1.71,-0.1,0
2014-12-10,-1.72,-0.62,-0.12,0
2014-12-11,0.5,-0.08,-0.18,0
2014-12-12,-1.55,0.51,-0.59,0
2014-12-15,-0.68,-0.27,0.08,0
2014-12-16,-0.8,0.6,0.62,0
2014-12-17,2.15,0.86,-0.07,0
2014-12-18,2.36,-0.87,-0.19,0
2014-12-19,0.43,-0.24,0.23,0
2014-12-22,0.37,0.21,-0.1,0
2014-12-23,0.21,-0.31,1.1,0
2014-12-24,0.07,0.36,-0.18,0
2014-12-26,0.39,0.38,-0.32,0
2014-12-29,0.13,0.16,0.58,0
2014-12-30,-0.48,0.06,0.32,0
2014-12-31,-0.93,0.51,-0.4,0
2015-01-02,-0.12,-0.61,0.08,0
2015-01-05,-1.84,0.33,-0.68,0
2015-01-06,-1.04,-0.78,-0.31,0
2015-01-07,1.19,0.2,-0.66,0
2015-01-08,1.81,-0.11,-0.28,0
2015-01-09,-0.85,0.01,-0.47,0
2015-01-12,-0.79,0.4,-0.44,0
2015-01-13,-0.19,0.27,0.01,0
2015-01-14,-0.6,0.29,-0.51,0
2015-01-15,-1.08,-0.98,0.59,0
2015-01-16,1.36,0.46,-0.13,0
2015-01-20,0.11,-0.66,-0.51,0
2015-01-21,0.42,-0.96,0.57,0
2015-01-22,1.58,0.45,0.42,0
2015-01-23,-0.47,0.52,-0.77,0
2015-01-26,0.43,0.59,-0.05,0
2015-01-27,-1.21,0.65,0.2,0
2015-01-28,-1.39,-0.06,-0.82,0
2015-01-29,0.98,0.25,0.03,0
2015-01-30,-1.31,-0.78,0.05,0
2015-02-02,1.24,-0.46,1,0
2015-02-03,1.49,0.16,0.49,0
2015-02-04,-0.35,-0.08,-0.23,0
2015-02-05,1.1,0.47,-0.07,0
2015-02-06,-0.2,0.08,0.35,0
2015-02-09,-0.46,-0.37,0.12,0
2015-02-10,1.05,-0.3,-0.72,0
2015-02-11,0.03,-0.09,-0.33,0
2015-02-12,1,0.15,-0.06,0
2015-02-13,0.47,0.17,-0.32,0
2015-02-17,0.17,-0.02,-0.07,0
2015-02-18,0.03,0.31,-0.81,0
2015-02-19,-0.01,0.26,-0.37,0
2015-02-20,0.61,-0.41,-0.27,0
2015-02-23,-0.08,0.04,-0.37,0
2015-02-24,0.32,-0.04,0.72,0
2015-02-25,0.02,0.24,-0.49,0
2015-02-26,-0.08,0.66,-0.49,0
2015-02-27,-0.36,-0.22,0.19,0
2015-03-02,0.62,0.23,-0.46,0
2015-03-03,-0.43,-0.31,0.31,0
2015-03-04,-0.41,0.12,-0.38,0
2015-03-05,0.15,0.26,-0.42,0
2015-03-06,-1.29,0.28,0.43,0
2015-03-09,0.37,0.09,-0.02,0
2015-03-10,-1.63,0.44,-0.52,0
2015-03-11,-0.04,0.54,0.51,0
2015-03-12,1.28,0.38,0.5,0
2015-03-13,-0.57,0.22,-0.04,0
2015-03-16,1.23,-0.78,-0.38,0
2015-03-17,-0.2,0.53,-0.02,0
2015-03-18,1.08,-0.53,0.02,0
2015-03-19,-0.36,0.9,-1.12,0
2015-03-20,0.81,-0.16,0.56,0
2015-03-23,-0.19,0.21,0.23,0
2015-03-24,-0.51,0.6,-0.25,0
2015-03-25,-1.56,-1,1.03,0
2015-03-26,-0.22,0.11,-0.04,0
2015-03-27,0.32,0.5,-0.71,0
2015-03-30,1.24,0.01,0,0
2015-03-31,-0.75,0.41,0.38,0
2015-04-01,-0.38,0.33,0.44,0
2015-04-02,0.35,-0.08,0.28,0
2015-04-06,0.61,-0.28,-0.11,0
2015-04-07,-0.22,-0.19,-0.18,0
2015-04-08,0.37,0.55,-0.73,0
2015-04-09,0.41,-0.71,-0.07,0
2015-04-10,0.49,-0.07,-0.29,0
2015-04-13,-0.38,0.5,0.24,0
2015-04-14,0.1,-0.22,0.23,0
2015-04-15,0.57,0.25,0.36,0
2015-04-16,-0.08,-0.08,-0.21,0
2015-04-17,-1.23,-0.46,0.16,0
2015-04-20,0.95,0.17,-0.27,0
2015-04-21,-0.1,0.18,-0.73,0
2015-04-22,0.46,-0.37,0.18,0
2015-04-23,0.29,0.29,-0.25,0
2015-04-24,0.17,-0.5,-0.31,0
2015-04-27,-0.54,-0.7,0.56,0
2015-04-28,0.27,0.18,1.06,0
2015-04-29,-0.38,-0.74,0.74,0
2015-04-30,-1.11,-1.07,0.73,0
2015-05-01,1.01,-0.3,-0.6,0
2015-05-04,0.32,0.04,0.23,0
2015-05-05,-1.19,-0.16,0.52,0
2015-05-06,-0.31,0.63,-0.13,0
2015-05-07,0.39,0.08,-0.36,0
2015-05-08,1.21,-0.55,-0.12,0
2015-05-11,-0.39,0.69,-0.02,0
2015-05-12,-0.27,-0.01,0.11,0
2015-05-13,0.01,-0.02,0.04,0
2015-05-14,1.01,-0.1,-0.34,0
2015-05-15,0.05,-0.24,-0.21,0
2015-05-18,0.44,0.74,-0.09,0
2015-05-19,-0.09,-0.12,0.24,0
2015-05-20,-0.05,0.21,-0.12,0
2015-05-21,0.23,-0.29,0.01,0
2015-05-22,-0.22,-0.11,-0.12,0
2015-05-26,-1.01,-0.02,-0.02,0
2015-05-27,0.93,0.33,-0.3,0
2015-05-28,-0.12,0.09,0.15,0
2015-05-29,-0.58,0.01,0.04,0
2015-06-01,0.17,-0.04,-0.22,0
2015-06-02,-0.02,0.32,0.35,0
2015-06-03,0.39,0.88,-0.24,0
2015-06-04,-0.88,-0.1,0,0
2015-06-05,0.06,0.81,0.1,0
2015-06-08,-0.66,0.05,0,0
2015-06-09,0.02,-0.31,0.37,0
2015-06-10,1.2,0.16,0.21,0
2015-06-11,0.21,-0.11,-0.1,0
2015-06-12,-0.63,0.33,0.12,0
2015-06-15,-0.45,0.11,-0.14,0
2015-06-16,0.57,0.1,-0.01,0
2015-06-17,0.16,-0.29,-0.65,0
2015-06-18,0.99,0.23,-0.44,0
2015-06-19,-0.43,0.56,-0.2,0
2015-06-22,0.63,0.09,-0.05,0
2015-06-23,0.12,0.23,0.29,0
2015-06-24,-0.79,-0.12,0.12,0
2015-06-25,-0.25,0.37,-0.2,0
2015-06-26,-0.06,-0.22,0.41,0
2015-06-29,-2.15,-0.44,0.17,0
2015-06-30,0.34,0.31,-0.65,0
2015-07-01,0.61,-0.77,-0.03,0
2015-07-02,-0.11,-0.57,-0.1,0
2015-07-06,-0.37,0.19,-0.55,0
2015-07-07,0.53,-0.45,-0.3,0
2015-07-08,-1.68,-0.01,0.09,0
2015-07-09,0.29,0.15,0.02,0
2015-07-10,1.24,0.23,-0.51,0
2015-07-13,1.14,-0.08,-0.43,0
2015-07-14,0.47,0.17,0.1,0
2015-07-15,-0.19,-0.8,-0.06,0
2015-07-16,0.78,-0.16,-0.64,0
2015-07-17,0.05,-0.59,-0.66,0
2015-07-20,-0.01,-0.71,-0.6,0
2015-07-21,-0.47,0.01,0.3,0
2015-07-22,-0.18,0.19,0.23,0
2015-07-23,-0.6,-0.39,-0.31,0
2015-07-24,-1.08,-0.63,0.05,0
2015-07-27,-0.74,-0.25,0.07,0
2015-07-28,1.23,-0.36,-0.13,0
2015-07-29,0.74,-0.39,0.53,0
2015-07-30,0.12,0.15,-0.28,0
2015-07-31,-0.15,0.85,-1.01,0
2015-08-03,-0.34,-0.33,-0.21,0
2015-08-04,-0.14,0.03,-0.13,0
2015-08-05,0.36,-0.02,-0.41,0
2015-08-06,-0.88,-0.53,1.93,0
2015-08-07,-0.36,-0.48,-0.3,0
2015-08-10,1.31,0.15,0.7,0
2015-08-11,-0.98,-0.11,0.43,0
2015-08-12,0.07,-0.1,-0.32,0
2015-08-13,-0.14,-0.47,0.07,0
2015-08-14,0.43,0.14,0.44,0
2015-08-17,0.6,0.44,-0.87,0
2015-08-18,-0.35,-0.64,0.38,0
2015-08-19,-0.85,-0.12,-0.22,0
2015-08-20,-2.24,-0.28,0.58,0
2015-08-21,-2.95,1.85,0.14,0
2015-08-24,-3.9,0.33,-0.42,0
2015-08-25,-1.17,0.71,-0.6,0
2015-08-26,3.68,-1.36,-0.34,0
2015-08-27,2.4,-0.72,0.6,0
2015-08-28,0.23,0.99,0.08,0
2015-08-31,-0.74,0.77,1.42,0
2015-09-01,-2.91,0.3,-0.5,0
2015-09-02,1.81,-0.15,-0.92,0
2015-09-03,0.17,-0.34,0.75,0
2015-09-04,-1.39,0.91,-0.57,0
2015-09-08,2.52,-0.34,-0.57,0
2015-09-09,-1.34,0.16,0.13,0
2015-09-10,0.49,-0.12,-0.35,0
2015-09-11,0.44,-0.2,-0.69,0
2015-09-14,-0.41,0.02,0.03,0
2015-09-15,1.22,-0.2,0.28,0
2015-09-16,0.84,0.01,0.44,0
2015-09-17,-0.17,0.92,-1.5,0
2015-09-18,-1.62,0.5,-0.96,0
2015-09-21,0.36,-0.96,1.24,0
2015-09-22,-1.29,-0.29,0.14,0
2015-09-23,-0.27,-0.16,-0.16,0
2015-09-24,-0.36,0.27,0.52,0
2015-09-25,-0.22,-1.69,1.88,0
2015-09-28,-2.63,-0.29,1.15,0
2015-09-29,-0.07,-0.72,0.69,0
2015-09-30,1.88,-0.42,-0.44,0
2015-10-01,0.13,-0.46,-0.06,0
2015-10-02,1.48,0.32,-0.84,0
2015-10-05,1.93,0.62,0.77,0
2015-10-06,-0.43,-0.24,1.65,0
2015-10-07,0.94,0.78,-0.24,0
2015-10-08,0.84,0.23,0.74,0
2015-10-09,0.12,0.21,-1.07,0
2015-10-12,0.06,-0.39,-0.08,0
2015-10-13,-0.74,-0.74,0.67,0
2015-10-14,-0.6,-0.29,-0.06,0
2015-10-15,1.56,0.68,-0.09,0
2015-10-16,0.36,-0.46,-0.32,0
2015-10-19,0,0.16,-0.68,0
2015-10-20,-0.15,0.01,1.22,0
2015-10-21,-0.74,-0.88,-0.2,0
2015-10-22,1.5,-0.79,0.32,0
2015-10-23,1.09,-0.01,-0.56,0
2015-10-26,-0.2,-0.34,-0.73,0
2015-10-27,-0.42,-0.87,-0.93,0
2015-10-28,1.43,1.42,0.69,0
2015-10-29,-0.2,-0.81,-0.05,0
2015-10-30,-0.42,0.2,-0.56,0
2015-11-02,1.25,0.85,-0.02,0
2015-11-03,0.32,0.4,0.24,0
2015-11-04,-0.26,0.33,-0.32,0
2015-11-05,-0.08,0.03,0.49,0
2015-11-06,0.14,0.87,0.33,0
2015-11-09,-0.95,-0.24,-0.04,0
2015-11-10,0.13,0,0.22,0
2015-11-11,-0.43,-0.49,-0.18,0
2015-11-12,-1.45,-0.53,-0.4,0
2015-11-13,-1.07,0.32,0.37,0
2015-11-16,1.39,-0.6,0.48,0
2015-11-17,-0.11,-0.12,-0.65,0
2015-11-18,1.61,-0.02,-0.08,0
2015-11-19,-0.13,-0.25,-0.16,0
2015-11-20,0.36,0.43,-0.39,0
2015-11-23,-0.01,0.65,-0.35,0
2015-11-24,0.21,0.69,0.25,0
2015-11-25,0.09,0.87,-0.54,0
2015-11-27,0.09,0.24,-0.29,0
2015-11-30,-0.47,0.12,0.67,0
2015-12-01,0.97,-0.66,0.25,0
2015-12-02,-1.01,0.24,-0.71,0
2015-12-03,-1.5,-0.2,0.4,0
2015-12-04,1.87,-1.02,-0.48,0
2015-12-07,-0.83,-0.88,-0.68,0
2015-12-08,-0.59,0.47,-1.21,0
2015-12-09,-0.83,-0.35,0.4,0
2015-12-10,0.3,0.11,-0.23,0
2015-12-11,-2.03,-0.22,-0.06,0
2015-12-14,0.29,-1.03,-0.17,0
2015-12-15,1.1,0.05,0.79,0
2015-12-16,1.47,0.01,-0.69,0
2015-12-17,-1.46,0.4,-0.36,0
2015-12-18,-1.7,0.76,-0.37,0
2015-12-21,0.74,-0.18,-0.07,0
2015-12-22,0.89,-0.07,0.52,0
2015-12-23,1.29,0.13,0.57,0
2015-12-24,-0.11,0.28,-0.02,0
2015-12-28,-0.28,-0.47,-0.37,0
2015-12-29,1.05,0.1,-0.28,0
2015-12-30,-0.74,-0.17,-0.15,0
2015-12-31,-0.92,-0.24,0.23,0
2016-01-04,-1.59,-0.87,0.52,0
2016-01-05,0.12,-0.19,0.01,0
2016-01-06,-1.35,-0.14,0,0
2016-01-07,-2.44,-0.29,0.08,0
2016-01-08,-1.11,-0.49,-0.03,0
2016-01-11,-0.06,-0.64,0.4,0
2016-01-12,0.72,-0.42,-0.77,0
2016-01-13,-2.67,-0.73,0.81,0
2016-01-14,1.65,0.01,-0.4,0
2016-01-15,-2.14,0.41,-0.24,0
2016-01-19,-0.19,-1.34,-0.06,0
2016-01-20,-0.94,1.88,-1.27,0
2016-01-21,0.45,-0.52,-0.02,0
2016-01-22,2.08,0.21,-0.2,0
2016-01-25,-1.71,-0.39,-0.99,0
2016-01-26,1.52,0.42,1.18,0
2016-01-27,-1.11,-0.55,1.71,0
2016-01-28,0.49,-0.47,1.26,0
2016-01-29,2.57,0.47,0.43,0
2016-02-01,-0.04,-0.19,-1,0.001
2016-02-02,-2,-0.03,-0.37,0.001
2016-02-03,0.46,-0.33,0.47,0.001
2016-02-04,0.27,0.12,0.35,0.001
2016-02-05,-2.06,-1.07,1.64,0.001
2016-02-08,-1.51,-0.02,0.83,0.001
2016-02-09,-0.09,-0.47,-0.28,0.001
2016-02-10,0.01,-0.05,-0.55,0.001
2016-02-11,-1.17,0.5,-1.48,0.001
2016-02-12,1.99,-0.52,1.1,0.001
2016-02-16,1.78,0.52,-0.53,0.001
2016-02-17,1.75,-0.07,-0.65,0.001
2016-02-18,-0.51,-0.01,0.22,0.001
2016-02-19,0.06,0.42,-0.58,0.001
2016-02-22,1.43,-0.27,0.26,0.001
2016-02-23,-1.22,0.46,-0.51,0.001
2016-02-24,0.53,0.7,-0.3,0.001
2016-02-25,1.1,-0.43,0.23,0.001
2016-02-26,-0.01,0.81,0.29,0.001
2016-02-29,-0.69,0.65,0.25,0.001
2016-03-01,2.34,-0.65,0.39,0.001
2016-03-02,0.54,0.52,0.68,0.001
2016-03-03,0.5,0.46,0.66,0.001
2016-03-04,0.37,0.29,0.29,0.001
2016-03-07,0.21,1.2,0.55,0.001
2016-03-08,-1.27,-1.17,-0.48,0.001
2016-03-09,0.5,0.01,0.41,0.001
2016-03-10,-0.11,-0.86,0.62,0.001
2016-03-11,1.69,0.28,0.23,0.001
2016-03-14,-0.12,-0.08,-0.9,0.001
2016-03-15,-0.36,-1.49,0.69,0.001
2016-03-16,0.63,0.11,-0.1,0.001
2016-03-17,0.72,0.83,0.59,0.001
2016-03-18,0.54,0.37,-0.15,0.001
2016-03-21,0.1,-0.21,-0.32,0.001
2016-03-22,-0.05,-0.01,-0.44,0.001
2016-03-23,-0.86,-1.17,-0.15,0.001
2016-03-24,0,0.48,-0.07,0.001
2016-03-28,0.04,-0.03,0.16,0.001
2016-03-29,1.07,1.8,-1.2,0.001
2016-03-30,0.41,-0.29,0.16,0.001
2016-03-31,-0.11,0.45,-0.48,0.001
2016-04-01,0.64,-0.24,-0.62,0
2016-04-04,-0.41,-0.21,-0.8,0
2016-04-05,-0.94,-0.09,-0.38,0
2016-04-06,1.14,0.22,-0.76,0
2016-04-07,-1.23,-0.05,-0.38,0
2016-04-08,0.29,0.02,0.68,0
2016-04-11,-0.28,-0.12,0.96,0
2016-04-12,0.99,-0.07,0.87,0
2016-04-13,1.23,0.87,0.38,0
2016-04-14,0.03,-0.25,0.14,0
2016-04-15,-0.04,0.34,-0.34,0
2016-04-18,0.65,0.11,-0.19,0
2016-04-19,0.29,-0.37,1.48,0
2016-04-20,0.15,-0.1,0.58,0
2016-04-21,-0.47,0.11,-0.6,0
2016-04-22,0.12,0.82,0.52,0
2016-04-25,-0.24,-0.58,-0.17,0
2016-04-26,0.29,0.66,0.8,0
2016-04-27,0.21,0.04,0.69,0
2016-04-28,-0.96,-0.13,-0.01,0
2016-04-29,-0.5,-0.17,0.38,0
2016-05-02,0.79,0.02,-0.38,0.001
2016-05-03,-1.05,-0.66,-0.45,0.001
2016-05-04,-0.66,-0.14,0.04,0.001
2016-05-05,-0.08,-0.5,0.06,0.001
2016-05-06,0.38,0.03,0.24,0.001
2016-05-09,0.05,0.39,-1.47,0.001
2016-05-10,1.26,-0.4,0.5,0.001
2016-05-11,-0.89,-0.35,0.8,0.001
2016-05-12,-0.11,-0.62,0.14,0.001
2016-05-13,-0.82,0.39,-0.68,0.001
2016-05-16,0.99,0.29,-0.23,0.001
2016-05-17,-0.95,-0.8,0.61,0.001
2016-05-18,0.1,0.13,0.9,0.001
2016-05-19,-0.33,-0.35,-0.26,0.001
2016-05-20,0.75,0.9,-0.27,0.001
2016-05-23,-0.18,0.25,-0.32,0.001
2016-05-24,1.43,0.71,-0.35,0.001
2016-05-25,0.72,-0.21,0.56,0.001
2016-05-26,-0.04,-0.09,-0.54,0.001
2016-05-27,0.49,0.34,-0.17,0.001
2016-05-31,-0.01,0.52,-0.37,0.001
2016-06-01,0.2,0.65,-0.2,0.001
2016-06-02,0.35,0.33,-0.58,0.001
2016-06-03,-0.38,-0.16,-0.07,0.001
2016-06-06,0.6,0.67,0.31,0.001
2016-06-07,0.12,0.16,0.1,0.001
2016-06-08,0.37,0.45,-0.09,0.001
2016-06-09,-0.27,-0.4,-0.24,0.001
2016-06-10,-1.05,-0.35,-0.18,0.001
2016-06-13,-0.84,-0.35,0.12,0.001
2016-06-14,-0.19,0.26,-0.72,0.001
2016-06-15,-0.11,0.23,-0.03,0.001
2016-06-16,0.24,-0.35,-0.45,0.001
2016-06-17,-0.3,-0.11,0.95,0.001
2016-06-20,0.71,0.62,0.02,0.001
2016-06-21,0.21,-0.64,0.5,0.001
2016-06-22,-0.2,-0.32,0.08,0.001
2016-06-23,1.45,0.51,0.47,0.001
2016-06-24,-3.7,0.16,-1.22,0.001
2016-06-27,-2.07,-0.95,-0.72,0.001
2016-06-28,1.76,-0.38,0.16,0.001
2016-06-29,1.8,0.28,-0.03,0.001
2016-06-30,1.42,0.35,0.42,0.001
2016-07-01,0.24,0.52,-0.43,0.001
2016-07-05,-0.85,-0.63,-1.37,0.001
2016-07-06,0.62,0.17,-0.14,0.001
2016-07-07,0.02,0.34,-0.17,0.001
2016-07-08,1.6,0.92,0.32,0.001
2016-07-11,0.43,0.6,0.27,0.001
2016-07-12,0.75,0.62,0.99,0.001
2016-07-13,-0.05,-0.52,0.49,0.001
2016-07-14,0.51,-0.46,0.46,0.001
2016-07-15,-0.05,0.31,0.01,0.001
2016-07-18,0.25,-0.02,-0.13,0.001
2016-07-19,-0.22,-0.65,0.04,0.001
2016-07-20,0.48,0.45,-0.89,0.001
2016-07-21,-0.38,-0.04,-0.04,0.001
2016-07-22,0.48,0.26,-0.13,0.001
2016-07-25,-0.27,-0.05,-0.23,0.001
2016-07-26,0.13,0.57,0.54,0.001
2016-07-27,-0.14,0.56,-0.43,0.001
2016-07-28,0.18,-0.49,-0.32,0.001
2016-07-29,0.17,-0.04,0.01,0.001
2016-08-01,-0.16,0.2,-0.89,0.001
2016-08-02,-0.7,-0.58,0.18,0.001
2016-08-03,0.45,0.49,0.81,0.001
2016-08-04,0.05,0.09,-0.39,0.001
2016-08-05,0.93,0.42,0.92,0.001
2016-08-08,-0.06,0.01,0.51,0.001
2016-08-09,0.05,-0.04,-0.27,0.001
2016-08-10,-0.29,-0.43,-0.18,0.001
2016-08-11,0.54,0.14,0.02,0.001
2016-08-12,-0.06,0.09,-0.17,0.001
2016-08-15,0.39,0.75,0.39,0.001
2016-08-16,-0.57,-0.27,0.59,0.001
2016-08-17,0.12,-0.56,0.25,0.001
2016-08-18,0.32,0.46,0.34,0.001
2016-08-19,-0.11,0.11,-0.14,0.001
2016-08-22,-0.02,0.25,-0.4,0.001
2016-08-23,0.27,0.57,-0.02,0.001
2016-08-24,-0.56,-0.49,0.38,0.001
2016-08-25,-0.08,0.19,0.48,0.001
2016-08-26,-0.15,0.14,-0.1,0.001
2016-08-29,0.53,-0.08,0.34,0.001
2016-08-30,-0.14,0.12,0.29,0.001
2016-08-31,-0.24,-0.39,0.14,0.001
2016-09-01,0.03,0.14,-0.5,0.001
2016-09-02,0.53,0.4,0.35,0.001
2016-09-06,0.26,0.09,-0.54,0.001
2016-09-07,0.09,0.63,0.03,0.001
2016-09-08,-0.18,-0.01,0.58,0.001
2016-09-09,-2.47,-0.57,0.41,0.001
2016-09-12,1.44,0.01,-0.44,0.001
2016-09-13,-1.48,-0.24,-0.43,0.001
2016-09-14,-0.08,0.12,-0.81,0.001
2016-09-15,1.08,0.3,-0.32,0.001
2016-09-16,-0.36,0.33,-0.45,0.001
2016-09-19,0.05,0.42,0.15,0.001
2016-09-20,-0.02,-0.24,-0.41,0.001
2016-09-21,1.12,0.14,0.33,0.001
2016-09-22,0.7,0.85,-0.06,0.001
2016-09-23,-0.6,-0.1,-0.21,0.001
2016-09-26,-0.88,-0.22,-0.35,0.001
2016-09-27,0.64,-0.07,-0.49,0.001
2016-09-28,0.56,0.2,1.1,0.001
2016-09-29,-0.98,-0.41,0.52,0.001
2016-09-30,0.88,0.38,0.34,0.001
2016-10-03,-0.26,-0.03,-0.13,0.001
2016-10-04,-0.46,0.03,0.15,0.001
2016-10-05,0.58,0.29,0.79,0.001
2016-10-06,-0.06,-0.26,0.29,0.001
2016-10-07,-0.38,-0.51,0.2,0.001
2016-10-10,0.52,0.56,0.04,0.001
2016-10-11,-1.3,-0.6,0.45,0.001
2016-10-12,0.06,-0.24,0.35,0.001
2016-10-13,-0.42,-0.68,-0.64,0.001
2016-10-14,0.01,-0.39,0.58,0.001
2016-10-17,-0.29,-0.04,0.16,0.001
2016-10-18,0.6,-0.17,0.04,0.001
2016-10-19,0.25,0.04,0.94,0.001
2016-10-20,-0.16,-0.03,-0.12,0.001
2016-10-21,0.02,-0.14,-0.32,0.001
2016-10-24,0.54,0.05,-0.18,0.001
2016-10-25,-0.46,-0.59,0.22,0.001
2016-10-26,-0.23,-0.85,0.71,0.001
2016-10-27,-0.33,-0.96,0.56,0.001
2016-10-28,-0.29,-0.11,0.11,0.001
2016-10-31,0.02,0.06,0.1,0.001
2016-11-01,-0.68,-0.37,0.19,0.001
2016-11-02,-0.73,-0.64,0.26,0.001
2016-11-03,-0.4,-0.47,1.05,0.001
2016-11-04,-0.12,0.87,-0.44,0.001
2016-11-07,2.23,0.19,-0.12,0.001
2016-11-08,0.4,-0.08,-0.23,0.001
2016-11-09,1.46,1.89,1.02,0.001
2016-11-10,0.32,1.14,1.82,0.001
2016-11-11,0.18,2.52,-0.01,0.001
2016-11-14,0.21,0.63,1.41,0.001
2016-11-15,0.8,-0.55,0.15,0.001
2016-11-16,-0.12,0.31,-0.54,0.001
2016-11-17,0.56,0.13,-0.15,0.001
2016-11-18,-0.16,0.56,0.39,0.001
2016-11-21,0.77,-0.26,0.05,0.001
2016-11-22,0.31,0.56,0.53,0.001
2016-11-23,0.16,0.5,0.19,0.001
2016-11-25,0.4,-0.06,-0.29,0.001
2016-11-28,-0.64,-0.75,0.09,0.001
2016-11-29,0.11,-0.35,-0.06,0.001
2016-11-30,-0.25,-0.4,2.21,0.001
2016-12-01,-0.36,-0.65,2.03,0.001
2016-12-02,0,0.04,-0.33,0.001
2016-12-05,0.75,1.08,0.29,0.001
2016-12-06,0.48,0.62,0.22,0.001
2016-12-07,1.26,-0.61,0.49,0.001
2016-12-08,0.36,1.15,0.61,0.001
2016-12-09,0.46,-0.27,0.19,0.001
2016-12-12,-0.3,-0.96,-0.13,0.001
2016-12-13,0.6,-0.53,-0.26,0.001
2016-12-14,-0.82,-0.37,-0.29,0.001
2016-12-15,0.46,0.38,0.3,0.001
2016-12-16,-0.22,0.07,-0.41,0.001
2016-12-19,0.22,0.32,0.08,0.001
2016-12-20,0.44,0.42,0.64,0.001
2016-12-21,-0.24,-0.36,0.21,0.001
2016-12-22,-0.3,-0.76,0.26,0.001
2016-12-23,0.19,0.57,-0.5,0.001
2016-12-27,0.27,0.21,0.14,0.001
2016-12-28,-0.87,-0.27,0.08,0.001
2016-12-29,-0.04,0.15,-0.33,0.001
2016-12-30,-0.52,-0.12,0.2,0.001
