"","date","w_t0","w_t1","w_t2","w_t3","w_t4","w_t5","w_t6","w_ge_t7"
"1",2018-01-30,1,0,0,0,0,0,0,0
"2",2018-01-31,1,0,0,0,0,0,0,0
"3",2018-02-01,1,0,0,0,0,0,0,0
"4",2018-02-02,1,0,0,0,0,0,0,0
"5",2018-02-03,1,0,0,0,0,0,0,0
"6",2018-02-04,1,0,0,0,0,0,0,0
"7",2018-02-05,1,0,0,0,0,0,0,0
"8",2018-02-06,0,1,0,0,0,0,0,0
"9",2018-02-07,0,1,0,0,0,0,0,0
"10",2018-02-08,0,1,0,0,0,0,0,0
"11",2018-02-09,0,1,0,0,0,0,0,0
"12",2018-02-10,0,1,0,0,0,0,0,0
"13",2018-02-11,0,1,0,0,0,0,0,0
"14",2018-02-12,0,1,0,0,0,0,0,0
"15",2018-02-13,0,0,1,0,0,0,0,0
"16",2018-02-14,0,0,1,0,0,0,0,0
"17",2018-02-15,0,0,1,0,0,0,0,0
"18",2018-02-16,0,0,1,0,0,0,0,0
"19",2018-02-17,0,0,1,0,0,0,0,0
"20",2018-02-18,0,0,1,0,0,0,0,0
"21",2018-02-19,0,0,1,0,0,0,0,0
"22",2018-02-20,0,0,0,1,0,0,0,0
"23",2018-02-21,0,0,0,1,0,0,0,0
"24",2018-02-22,0,0,0,1,0,0,0,0
"25",2018-02-23,0,0,0,1,0,0,0,0
"26",2018-02-24,0,0,0,1,0,0,0,0
"27",2018-02-25,0,0,0,1,0,0,0,0
"28",2018-02-26,0,0,0,1,0,0,0,0
"29",2018-02-27,0,0,0,0,1,0,0,0
"30",2018-02-28,0,0,0,0,1,0,0,0
"31",2018-03-01,0,0,0,0,1,0,0,0
"32",2018-03-02,0,0,0,0,1,0,0,0
"33",2018-03-03,0,0,0,0,1,0,0,0
"34",2018-03-04,0,0,0,0,1,0,0,0
"35",2018-03-05,0,0,0,0,1,0,0,0
"36",2018-03-06,0,0,0,0,0,1,0,0
"37",2018-03-07,0,0,0,0,0,1,0,0
"38",2018-03-08,0,0,0,0,0,1,0,0
"39",2018-03-09,0,0,0,0,0,1,0,0
"40",2018-03-10,0,0,0,0,0,1,0,0
"41",2018-03-11,0,0,0,0,0,1,0,0
"42",2018-03-12,0,0,0,0,0,1,0,0
"43",2018-03-13,0,0,0,0,0,0,1,0
"44",2018-03-14,0,0,0,0,0,0,1,0
"45",2018-03-15,0,0,0,0,0,0,1,0
"46",2018-03-16,0,0,0,0,0,0,1,0
"47",2018-03-17,0,0,0,0,0,0,1,0
"48",2018-03-18,0,0,0,0,0,0,1,0
"49",2018-03-19,0,0,0,0,0,0,1,0
"50",2018-03-20,1,0,0,0,0,0,0,0
"51",2018-03-21,1,0,0,0,0,0,0,0
"52",2018-03-22,1,0,0,0,0,0,0,0
"53",2018-03-23,1,0,0,0,0,0,0,0
"54",2018-03-24,1,0,0,0,0,0,0,0
"55",2018-03-25,1,0,0,0,0,0,0,0
"56",2018-03-26,1,0,0,0,0,0,0,0
"57",2018-03-27,0,1,0,0,0,0,0,0
"58",2018-03-28,0,1,0,0,0,0,0,0
"59",2018-03-29,0,1,0,0,0,0,0,0
"60",2018-03-30,0,1,0,0,0,0,0,0
"61",2018-03-31,0,1,0,0,0,0,0,0
"62",2018-04-01,0,1,0,0,0,0,0,0
"63",2018-04-02,0,1,0,0,0,0,0,0
"64",2018-04-03,0,0,1,0,0,0,0,0
"65",2018-04-04,0,0,1,0,0,0,0,0
"66",2018-04-05,0,0,1,0,0,0,0,0
"67",2018-04-06,0,0,1,0,0,0,0,0
"68",2018-04-07,0,0,1,0,0,0,0,0
"69",2018-04-08,0,0,1,0,0,0,0,0
"70",2018-04-09,0,0,1,0,0,0,0,0
"71",2018-04-10,0,0,0,1,0,0,0,0
"72",2018-04-11,0,0,0,1,0,0,0,0
"73",2018-04-12,0,0,0,1,0,0,0,0
"74",2018-04-13,0,0,0,1,0,0,0,0
"75",2018-04-14,0,0,0,1,0,0,0,0
"76",2018-04-15,0,0,0,1,0,0,0,0
"77",2018-04-16,0,0,0,1,0,0,0,0
"78",2018-04-17,0,0,0,0,1,0,0,0
"79",2018-04-18,0,0,0,0,1,0,0,0
"80",2018-04-19,0,0,0,0,1,0,0,0
"81",2018-04-20,0,0,0,0,1,0,0,0
"82",2018-04-21,0,0,0,0,1,0,0,0
"83",2018-04-22,0,0,0,0,1,0,0,0
"84",2018-04-23,0,0,0,0,1,0,0,0
"85",2018-04-24,0,0,0,0,0,1,0,0
"86",2018-04-25,0,0,0,0,0,1,0,0
"87",2018-04-26,0,0,0,0,0,1,0,0
"88",2018-04-27,0,0,0,0,0,1,0,0
"89",2018-04-28,0,0,0,0,0,1,0,0
"90",2018-04-29,0,0,0,0,0,1,0,0
"91",2018-04-30,0,0,0,0,0,1,0,0
"92",2018-05-01,1,0,0,0,0,0,0,0
"93",2018-05-02,1,0,0,0,0,0,0,0
"94",2018-05-03,1,0,0,0,0,0,0,0
"95",2018-05-04,1,0,0,0,0,0,0,0
"96",2018-05-05,1,0,0,0,0,0,0,0
"97",2018-05-06,1,0,0,0,0,0,0,0
"98",2018-05-07,1,0,0,0,0,0,0,0
"99",2018-05-08,0,1,0,0,0,0,0,0
"100",2018-05-09,0,1,0,0,0,0,0,0
"101",2018-05-10,0,1,0,0,0,0,0,0
"102",2018-05-11,0,1,0,0,0,0,0,0
"103",2018-05-12,0,1,0,0,0,0,0,0
"104",2018-05-13,0,1,0,0,0,0,0,0
"105",2018-05-14,0,1,0,0,0,0,0,0
"106",2018-05-15,0,0,1,0,0,0,0,0
"107",2018-05-16,0,0,1,0,0,0,0,0
"108",2018-05-17,0,0,1,0,0,0,0,0
"109",2018-05-18,0,0,1,0,0,0,0,0
"110",2018-05-19,0,0,1,0,0,0,0,0
"111",2018-05-20,0,0,1,0,0,0,0,0
"112",2018-05-21,0,0,1,0,0,0,0,0
"113",2018-05-22,0,0,0,1,0,0,0,0
"114",2018-05-23,0,0,0,1,0,0,0,0
"115",2018-05-24,0,0,0,1,0,0,0,0
"116",2018-05-25,0,0,0,1,0,0,0,0
"117",2018-05-26,0,0,0,1,0,0,0,0
"118",2018-05-27,0,0,0,1,0,0,0,0
"119",2018-05-28,0,0,0,1,0,0,0,0
"120",2018-05-29,0,0,0,0,1,0,0,0
"121",2018-05-30,0,0,0,0,1,0,0,0
"122",2018-05-31,0,0,0,0,1,0,0,0
"123",2018-06-01,0,0,0,0,1,0,0,0
"124",2018-06-02,0,0,0,0,1,0,0,0
"125",2018-06-03,0,0,0,0,1,0,0,0
"126",2018-06-04,0,0,0,0,1,0,0,0
"127",2018-06-05,0,0,0,0,0,1,0,0
"128",2018-06-06,0,0,0,0,0,1,0,0
"129",2018-06-07,0,0,0,0,0,1,0,0
"130",2018-06-08,0,0,0,0,0,1,0,0
"131",2018-06-09,0,0,0,0,0,1,0,0
"132",2018-06-10,0,0,0,0,0,1,0,0
"133",2018-06-11,0,0,0,0,0,1,0,0
"134",2018-06-12,1,0,0,0,0,0,0,0
"135",2018-06-13,1,0,0,0,0,0,0,0
"136",2018-06-14,1,0,0,0,0,0,0,0
"137",2018-06-15,1,0,0,0,0,0,0,0
"138",2018-06-16,1,0,0,0,0,0,0,0
"139",2018-06-17,1,0,0,0,0,0,0,0
"140",2018-06-18,1,0,0,0,0,0,0,0
"141",2018-06-19,0,1,0,0,0,0,0,0
"142",2018-06-20,0,1,0,0,0,0,0,0
"143",2018-06-21,0,1,0,0,0,0,0,0
"144",2018-06-22,0,1,0,0,0,0,0,0
"145",2018-06-23,0,1,0,0,0,0,0,0
"146",2018-06-24,0,1,0,0,0,0,0,0
"147",2018-06-25,0,1,0,0,0,0,0,0
"148",2018-06-26,0,0,1,0,0,0,0,0
"149",2018-06-27,0,0,1,0,0,0,0,0
"150",2018-06-28,0,0,1,0,0,0,0,0
"151",2018-06-29,0,0,1,0,0,0,0,0
"152",2018-06-30,0,0,1,0,0,0,0,0
"153",2018-07-01,0,0,1,0,0,0,0,0
"154",2018-07-02,0,0,1,0,0,0,0,0
"155",2018-07-03,0,0,0,1,0,0,0,0
"156",2018-07-04,0,0,0,1,0,0,0,0
"157",2018-07-05,0,0,0,1,0,0,0,0
"158",2018-07-06,0,0,0,1,0,0,0,0
"159",2018-07-07,0,0,0,1,0,0,0,0
"160",2018-07-08,0,0,0,1,0,0,0,0
"161",2018-07-09,0,0,0,1,0,0,0,0
"162",2018-07-10,0,0,0,0,1,0,0,0
"163",2018-07-11,0,0,0,0,1,0,0,0
"164",2018-07-12,0,0,0,0,1,0,0,0
"165",2018-07-13,0,0,0,0,1,0,0,0
"166",2018-07-14,0,0,0,0,1,0,0,0
"167",2018-07-15,0,0,0,0,1,0,0,0
"168",2018-07-16,0,0,0,0,1,0,0,0
"169",2018-07-17,0,0,0,0,0,1,0,0
"170",2018-07-18,0,0,0,0,0,1,0,0
"171",2018-07-19,0,0,0,0,0,1,0,0
"172",2018-07-20,0,0,0,0,0,1,0,0
"173",2018-07-21,0,0,0,0,0,1,0,0
"174",2018-07-22,0,0,0,0,0,1,0,0
"175",2018-07-23,0,0,0,0,0,1,0,0
"176",2018-07-24,0,0,0,0,0,0,1,0
"177",2018-07-25,0,0,0,0,0,0,1,0
"178",2018-07-26,0,0,0,0,0,0,1,0
"179",2018-07-27,0,0,0,0,0,0,1,0
"180",2018-07-28,0,0,0,0,0,0,1,0
"181",2018-07-29,0,0,0,0,0,0,1,0
"182",2018-07-30,0,0,0,0,0,0,1,0
"183",2018-07-31,0,0,0,0,0,0,0,1
"184",2018-08-01,0,0,0,0,0,0,0,1
"185",2018-08-02,0,0,0,0,0,0,0,1
"186",2018-08-03,0,0,0,0,0,0,0,1
"187",2018-08-04,0,0,0,0,0,0,0,1
"188",2018-08-05,0,0,0,0,0,0,0,1
"189",2018-08-06,0,0,0,0,0,0,0,1
"190",2018-08-07,0,0,0,0,0,0,0,1
"191",2018-08-08,0,0,0,0,0,0,0,1
"192",2018-08-09,0,0,0,0,0,0,0,1
"193",2018-08-10,0,0,0,0,0,0,0,1
"194",2018-08-11,0,0,0,0,0,0,0,1
"195",2018-08-12,0,0,0,0,0,0,0,1
"196",2018-08-13,0,0,0,0,0,0,0,1
"197",2018-08-14,0,0,0,0,0,0,0,1
"198",2018-08-15,0,0,0,0,0,0,0,1
"199",2018-08-16,0,0,0,0,0,0,0,1
"200",2018-08-17,0,0,0,0,0,0,0,1
"201",2018-08-18,0,0,0,0,0,0,0,1
"202",2018-08-19,0,0,0,0,0,0,0,1
"203",2018-08-20,0,0,0,0,0,0,0,1
"204",2018-08-21,0,0,0,0,0,0,0,1
"205",2018-08-22,0,0,0,0,0,0,0,1
"206",2018-08-23,0,0,0,0,0,0,0,1
"207",2018-08-24,0,0,0,0,0,0,0,1
"208",2018-08-25,0,0,0,0,0,0,0,1
"209",2018-08-26,0,0,0,0,0,0,0,1
"210",2018-08-27,0,0,0,0,0,0,0,1
"211",2018-08-28,0,0,0,0,0,0,0,1
"212",2018-08-29,0,0,0,0,0,0,0,1
"213",2018-08-30,0,0,0,0,0,0,0,1
"214",2018-08-31,1,0,0,0,0,0,0,0
"215",2018-09-01,1,0,0,0,0,0,0,0
"216",2018-09-02,1,0,0,0,0,0,0,0
"217",2018-09-03,1,0,0,0,0,0,0,0
"218",2018-09-04,1,0,0,0,0,0,0,0
"219",2018-09-05,1,0,0,0,0,0,0,0
"220",2018-09-06,1,0,0,0,0,0,0,0
"221",2018-09-07,0,1,0,0,0,0,0,0
"222",2018-09-08,0,1,0,0,0,0,0,0
"223",2018-09-09,0,1,0,0,0,0,0,0
"224",2018-09-10,0,1,0,0,0,0,0,0
"225",2018-09-11,0,1,0,0,0,0,0,0
"226",2018-09-12,0,1,0,0,0,0,0,0
"227",2018-09-13,0,1,0,0,0,0,0,0
"228",2018-09-14,0,0,1,0,0,0,0,0
"229",2018-09-15,0,0,1,0,0,0,0,0
"230",2018-09-16,0,0,1,0,0,0,0,0
"231",2018-09-17,0,0,1,0,0,0,0,0
"232",2018-09-18,0,0,1,0,0,0,0,0
"233",2018-09-19,0,0,1,0,0,0,0,0
"234",2018-09-20,0,0,1,0,0,0,0,0
"235",2018-09-21,0,0,0,1,0,0,0,0
"236",2018-09-22,0,0,0,1,0,0,0,0
"237",2018-09-23,0,0,0,1,0,0,0,0
"238",2018-09-24,0,0,0,1,0,0,0,0
"239",2018-09-25,1,0,0,0,0,0,0,0
"240",2018-09-26,1,0,0,0,0,0,0,0
"241",2018-09-27,1,0,0,0,0,0,0,0
"242",2018-09-28,1,0,0,0,0,0,0,0
"243",2018-09-29,1,0,0,0,0,0,0,0
"244",2018-09-30,1,0,0,0,0,0,0,0
"245",2018-10-01,1,0,0,0,0,0,0,0
"246",2018-10-02,0,1,0,0,0,0,0,0
"247",2018-10-03,0,1,0,0,0,0,0,0
"248",2018-10-04,0,1,0,0,0,0,0,0
"249",2018-10-05,0,1,0,0,0,0,0,0
"250",2018-10-06,0,1,0,0,0,0,0,0
"251",2018-10-07,0,1,0,0,0,0,0,0
"252",2018-10-08,0,1,0,0,0,0,0,0
"253",2018-10-09,0,0,1,0,0,0,0,0
"254",2018-10-10,0,0,1,0,0,0,0,0
"255",2018-10-11,0,0,1,0,0,0,0,0
"256",2018-10-12,0,0,1,0,0,0,0,0
"257",2018-10-13,0,0,1,0,0,0,0,0
"258",2018-10-14,0,0,1,0,0,0,0,0
"259",2018-10-15,0,0,1,0,0,0,0,0
"260",2018-10-16,0,0,0,1,0,0,0,0
"261",2018-10-17,0,0,0,1,0,0,0,0
"262",2018-10-18,0,0,0,1,0,0,0,0
"263",2018-10-19,0,0,0,1,0,0,0,0
"264",2018-10-20,0,0,0,1,0,0,0,0
"265",2018-10-21,0,0,0,1,0,0,0,0
"266",2018-10-22,0,0,0,1,0,0,0,0
"267",2018-10-23,0,0,0,0,1,0,0,0
"268",2018-10-24,0,0,0,0,1,0,0,0
"269",2018-10-25,0,0,0,0,1,0,0,0
"270",2018-10-26,0,0,0,0,1,0,0,0
"271",2018-10-27,0,0,0,0,1,0,0,0
"272",2018-10-28,0,0,0,0,1,0,0,0
"273",2018-10-29,0,0,0,0,1,0,0,0
"274",2018-10-30,0,0,0,0,0,1,0,0
"275",2018-10-31,0,0,0,0,0,1,0,0
"276",2018-11-01,0,0,0,0,0,1,0,0
"277",2018-11-02,0,0,0,0,0,1,0,0
"278",2018-11-03,0,0,0,0,0,1,0,0
"279",2018-11-04,0,0,0,0,0,1,0,0
"280",2018-11-05,0,0,0,0,0,1,0,0
"281",2018-11-06,0,0,0,0,0,0,1,0
"282",2018-11-07,1,0,0,0,0,0,0,0
"283",2018-11-08,1,0,0,0,0,0,0,0
"284",2018-11-09,1,0,0,0,0,0,0,0
"285",2018-11-10,1,0,0,0,0,0,0,0
"286",2018-11-11,1,0,0,0,0,0,0,0
"287",2018-11-12,1,0,0,0,0,0,0,0
"288",2018-11-13,1,0,0,0,0,0,0,0
"289",2018-11-14,0,1,0,0,0,0,0,0
"290",2018-11-15,0,1,0,0,0,0,0,0
"291",2018-11-16,0,1,0,0,0,0,0,0
"292",2018-11-17,0,1,0,0,0,0,0,0
"293",2018-11-18,0,1,0,0,0,0,0,0
"294",2018-11-19,0,1,0,0,0,0,0,0
"295",2018-11-20,0,1,0,0,0,0,0,0
"296",2018-11-21,0,0,1,0,0,0,0,0
"297",2018-11-22,0,0,1,0,0,0,0,0
"298",2018-11-23,0,0,1,0,0,0,0,0
"299",2018-11-24,0,0,1,0,0,0,0,0
"300",2018-11-25,0,0,1,0,0,0,0,0
"301",2018-11-26,0,0,1,0,0,0,0,0
"302",2018-11-27,0,0,1,0,0,0,0,0
"303",2018-11-28,0,0,0,1,0,0,0,0
"304",2018-11-29,0,0,0,1,0,0,0,0
"305",2018-11-30,0,0,0,1,0,0,0,0
"306",2018-12-01,0,0,0,1,0,0,0,0
"307",2018-12-02,0,0,0,1,0,0,0,0
"308",2018-12-03,0,0,0,1,0,0,0,0
"309",2018-12-04,0,0,0,1,0,0,0,0
"310",2018-12-05,0,0,0,0,1,0,0,0
"311",2018-12-06,0,0,0,0,1,0,0,0
"312",2018-12-07,0,0,0,0,1,0,0,0
"313",2018-12-08,0,0,0,0,1,0,0,0
"314",2018-12-09,0,0,0,0,1,0,0,0
"315",2018-12-10,0,0,0,0,1,0,0,0
"316",2018-12-11,0,0,0,0,1,0,0,0
"317",2018-12-12,0,0,0,0,0,1,0,0
"318",2018-12-13,0,0,0,0,0,1,0,0
"319",2018-12-14,0,0,0,0,0,1,0,0
"320",2018-12-15,0,0,0,0,0,1,0,0
"321",2018-12-16,0,0,0,0,0,1,0,0
"322",2018-12-17,0,0,0,0,0,1,0,0
"323",2018-12-18,1,0,0,0,0,0,0,0
"324",2018-12-19,1,0,0,0,0,0,0,0
"325",2018-12-20,1,0,0,0,0,0,0,0
"326",2018-12-21,1,0,0,0,0,0,0,0
"327",2018-12-22,1,0,0,0,0,0,0,0
"328",2018-12-23,1,0,0,0,0,0,0,0
"329",2018-12-24,1,0,0,0,0,0,0,0
"330",2018-12-25,0,1,0,0,0,0,0,0
"331",2018-12-26,0,1,0,0,0,0,0,0
"332",2018-12-27,0,1,0,0,0,0,0,0
"333",2018-12-28,0,1,0,0,0,0,0,0
"334",2018-12-29,0,1,0,0,0,0,0,0
"335",2018-12-30,0,1,0,0,0,0,0,0
"336",2018-12-31,0,1,0,0,0,0,0,0
"337",2019-01-01,0,0,1,0,0,0,0,0
"338",2019-01-02,0,0,1,0,0,0,0,0
"339",2019-01-03,0,0,1,0,0,0,0,0
"340",2019-01-04,0,0,1,0,0,0,0,0
"341",2019-01-05,0,0,1,0,0,0,0,0
"342",2019-01-06,0,0,1,0,0,0,0,0
"343",2019-01-07,0,0,1,0,0,0,0,0
"344",2019-01-08,0,0,0,1,0,0,0,0
"345",2019-01-09,0,0,0,1,0,0,0,0
"346",2019-01-10,0,0,0,1,0,0,0,0
"347",2019-01-11,0,0,0,1,0,0,0,0
"348",2019-01-12,0,0,0,1,0,0,0,0
"349",2019-01-13,0,0,0,1,0,0,0,0
"350",2019-01-14,0,0,0,1,0,0,0,0
"351",2019-01-15,0,0,0,0,1,0,0,0
"352",2019-01-16,0,0,0,0,1,0,0,0
"353",2019-01-17,0,0,0,0,1,0,0,0
"354",2019-01-18,0,0,0,0,1,0,0,0
"355",2019-01-19,0,0,0,0,1,0,0,0
"356",2019-01-20,0,0,0,0,1,0,0,0
"357",2019-01-21,0,0,0,0,1,0,0,0
"358",2019-01-22,0,0,0,0,0,1,0,0
"359",2019-01-23,0,0,0,0,0,1,0,0
"360",2019-01-24,0,0,0,0,0,1,0,0
"361",2019-01-25,0,0,0,0,0,1,0,0
"362",2019-01-26,0,0,0,0,0,1,0,0
"363",2019-01-27,0,0,0,0,0,1,0,0
"364",2019-01-28,0,0,0,0,0,1,0,0
"365",2019-01-29,1,0,0,0,0,0,0,0
"366",2019-01-30,1,0,0,0,0,0,0,0
"367",2019-01-31,1,0,0,0,0,0,0,0
"368",2019-02-01,1,0,0,0,0,0,0,0
"369",2019-02-02,1,0,0,0,0,0,0,0
"370",2019-02-03,1,0,0,0,0,0,0,0
"371",2019-02-04,1,0,0,0,0,0,0,0
"372",2019-02-05,0,1,0,0,0,0,0,0
"373",2019-02-06,0,1,0,0,0,0,0,0
"374",2019-02-07,0,1,0,0,0,0,0,0
"375",2019-02-08,0,1,0,0,0,0,0,0
"376",2019-02-09,0,1,0,0,0,0,0,0
"377",2019-02-10,0,1,0,0,0,0,0,0
"378",2019-02-11,0,1,0,0,0,0,0,0
"379",2019-02-12,0,0,1,0,0,0,0,0
"380",2019-02-13,0,0,1,0,0,0,0,0
"381",2019-02-14,0,0,1,0,0,0,0,0
"382",2019-02-15,0,0,1,0,0,0,0,0
"383",2019-02-16,0,0,1,0,0,0,0,0
"384",2019-02-17,0,0,1,0,0,0,0,0
"385",2019-02-18,0,0,1,0,0,0,0,0
"386",2019-02-19,0,0,0,1,0,0,0,0
"387",2019-02-20,0,0,0,1,0,0,0,0
"388",2019-02-21,0,0,0,1,0,0,0,0
"389",2019-02-22,0,0,0,1,0,0,0,0
"390",2019-02-23,0,0,0,1,0,0,0,0
"391",2019-02-24,0,0,0,1,0,0,0,0
"392",2019-02-25,0,0,0,1,0,0,0,0
"393",2019-02-26,0,0,0,0,1,0,0,0
"394",2019-02-27,0,0,0,0,1,0,0,0
"395",2019-02-28,0,0,0,0,1,0,0,0
"396",2019-03-01,0,0,0,0,1,0,0,0
"397",2019-03-02,0,0,0,0,1,0,0,0
"398",2019-03-03,0,0,0,0,1,0,0,0
"399",2019-03-04,0,0,0,0,1,0,0,0
"400",2019-03-05,0,0,0,0,0,1,0,0
"401",2019-03-06,0,0,0,0,0,1,0,0
"402",2019-03-07,0,0,0,0,0,1,0,0
"403",2019-03-08,0,0,0,0,0,1,0,0
"404",2019-03-09,0,0,0,0,0,1,0,0
"405",2019-03-10,0,0,0,0,0,1,0,0
"406",2019-03-11,0,0,0,0,0,1,0,0
"407",2019-03-12,0,0,0,0,0,0,1,0
"408",2019-03-13,0,0,0,0,0,0,1,0
"409",2019-03-14,0,0,0,0,0,0,1,0
"410",2019-03-15,0,0,0,0,0,0,1,0
"411",2019-03-16,0,0,0,0,0,0,1,0
"412",2019-03-17,0,0,0,0,0,0,1,0
"413",2019-03-18,0,0,0,0,0,0,1,0
"414",2019-03-19,1,0,0,0,0,0,0,0
"415",2019-03-20,1,0,0,0,0,0,0,0
"416",2019-03-21,1,0,0,0,0,0,0,0
"417",2019-03-22,1,0,0,0,0,0,0,0
"418",2019-03-23,1,0,0,0,0,0,0,0
"419",2019-03-24,1,0,0,0,0,0,0,0
"420",2019-03-25,1,0,0,0,0,0,0,0
"421",2019-03-26,0,1,0,0,0,0,0,0
"422",2019-03-27,0,1,0,0,0,0,0,0
"423",2019-03-28,0,1,0,0,0,0,0,0
"424",2019-03-29,0,1,0,0,0,0,0,0
"425",2019-03-30,0,1,0,0,0,0,0,0
"426",2019-03-31,0,1,0,0,0,0,0,0
"427",2019-04-01,0,1,0,0,0,0,0,0
"428",2019-04-02,0,0,1,0,0,0,0,0
"429",2019-04-03,0,0,1,0,0,0,0,0
"430",2019-04-04,0,0,1,0,0,0,0,0
"431",2019-04-05,0,0,1,0,0,0,0,0
"432",2019-04-06,0,0,1,0,0,0,0,0
"433",2019-04-07,0,0,1,0,0,0,0,0
"434",2019-04-08,0,0,1,0,0,0,0,0
"435",2019-04-09,0,0,0,1,0,0,0,0
"436",2019-04-10,0,0,0,1,0,0,0,0
"437",2019-04-11,0,0,0,1,0,0,0,0
"438",2019-04-12,0,0,0,1,0,0,0,0
"439",2019-04-13,0,0,0,1,0,0,0,0
"440",2019-04-14,0,0,0,1,0,0,0,0
"441",2019-04-15,0,0,0,1,0,0,0,0
"442",2019-04-16,0,0,0,0,1,0,0,0
"443",2019-04-17,0,0,0,0,1,0,0,0
"444",2019-04-18,0,0,0,0,1,0,0,0
"445",2019-04-19,0,0,0,0,1,0,0,0
"446",2019-04-20,0,0,0,0,1,0,0,0
"447",2019-04-21,0,0,0,0,1,0,0,0
"448",2019-04-22,0,0,0,0,1,0,0,0
"449",2019-04-23,0,0,0,0,0,1,0,0
"450",2019-04-24,0,0,0,0,0,1,0,0
"451",2019-04-25,0,0,0,0,0,1,0,0
"452",2019-04-26,0,0,0,0,0,1,0,0
"453",2019-04-27,0,0,0,0,0,1,0,0
"454",2019-04-28,0,0,0,0,0,1,0,0
"455",2019-04-29,0,0,0,0,0,1,0,0
"456",2019-04-30,1,0,0,0,0,0,0,0
"457",2019-05-01,1,0,0,0,0,0,0,0
"458",2019-05-02,1,0,0,0,0,0,0,0
"459",2019-05-03,1,0,0,0,0,0,0,0
"460",2019-05-04,1,0,0,0,0,0,0,0
"461",2019-05-05,1,0,0,0,0,0,0,0
"462",2019-05-06,1,0,0,0,0,0,0,0
"463",2019-05-07,0,1,0,0,0,0,0,0
"464",2019-05-08,0,1,0,0,0,0,0,0
"465",2019-05-09,0,1,0,0,0,0,0,0
"466",2019-05-10,0,1,0,0,0,0,0,0
"467",2019-05-11,0,1,0,0,0,0,0,0
"468",2019-05-12,0,1,0,0,0,0,0,0
"469",2019-05-13,0,1,0,0,0,0,0,0
"470",2019-05-14,0,0,1,0,0,0,0,0
"471",2019-05-15,0,0,1,0,0,0,0,0
"472",2019-05-16,0,0,1,0,0,0,0,0
"473",2019-05-17,0,0,1,0,0,0,0,0
"474",2019-05-18,0,0,1,0,0,0,0,0
"475",2019-05-19,0,0,1,0,0,0,0,0
"476",2019-05-20,0,0,1,0,0,0,0,0
"477",2019-05-21,0,0,0,1,0,0,0,0
"478",2019-05-22,0,0,0,1,0,0,0,0
"479",2019-05-23,0,0,0,1,0,0,0,0
"480",2019-05-24,0,0,0,1,0,0,0,0
"481",2019-05-25,0,0,0,1,0,0,0,0
"482",2019-05-26,0,0,0,1,0,0,0,0
"483",2019-05-27,0,0,0,1,0,0,0,0
"484",2019-05-28,0,0,0,0,1,0,0,0
"485",2019-05-29,0,0,0,0,1,0,0,0
"486",2019-05-30,0,0,0,0,1,0,0,0
"487",2019-05-31,0,0,0,0,1,0,0,0
"488",2019-06-01,0,0,0,0,1,0,0,0
"489",2019-06-02,0,0,0,0,1,0,0,0
"490",2019-06-03,0,0,0,0,1,0,0,0
"491",2019-06-04,0,0,0,0,0,1,0,0
"492",2019-06-05,0,0,0,0,0,1,0,0
"493",2019-06-06,0,0,0,0,0,1,0,0
"494",2019-06-07,0,0,0,0,0,1,0,0
"495",2019-06-08,0,0,0,0,0,1,0,0
"496",2019-06-09,0,0,0,0,0,1,0,0
"497",2019-06-10,0,0,0,0,0,1,0,0
"498",2019-06-11,0,0,0,0,0,0,1,0
"499",2019-06-12,0,0,0,0,0,0,1,0
"500",2019-06-13,0,0,0,0,0,0,1,0
"501",2019-06-14,0,0,0,0,0,0,1,0
"502",2019-06-15,0,0,0,0,0,0,1,0
"503",2019-06-16,0,0,0,0,0,0,1,0
"504",2019-06-17,0,0,0,0,0,0,1,0
"505",2019-06-18,1,0,0,0,0,0,0,0
"506",2019-06-19,1,0,0,0,0,0,0,0
"507",2019-06-20,1,0,0,0,0,0,0,0
"508",2019-06-21,1,0,0,0,0,0,0,0
"509",2019-06-22,1,0,0,0,0,0,0,0
"510",2019-06-23,1,0,0,0,0,0,0,0
"511",2019-06-24,1,0,0,0,0,0,0,0
"512",2019-06-25,0,1,0,0,0,0,0,0
"513",2019-06-26,0,1,0,0,0,0,0,0
"514",2019-06-27,0,1,0,0,0,0,0,0
"515",2019-06-28,0,1,0,0,0,0,0,0
"516",2019-06-29,0,1,0,0,0,0,0,0
"517",2019-06-30,0,1,0,0,0,0,0,0
"518",2019-07-01,0,1,0,0,0,0,0,0
"519",2019-07-02,0,0,1,0,0,0,0,0
"520",2019-07-03,0,0,1,0,0,0,0,0
"521",2019-07-04,0,0,1,0,0,0,0,0
"522",2019-07-05,0,0,1,0,0,0,0,0
"523",2019-07-06,0,0,1,0,0,0,0,0
"524",2019-07-07,0,0,1,0,0,0,0,0
"525",2019-07-08,0,0,1,0,0,0,0,0
"526",2019-07-09,0,0,0,1,0,0,0,0
"527",2019-07-10,0,0,0,1,0,0,0,0
"528",2019-07-11,0,0,0,1,0,0,0,0
"529",2019-07-12,0,0,0,1,0,0,0,0
"530",2019-07-13,0,0,0,1,0,0,0,0
"531",2019-07-14,0,0,0,1,0,0,0,0
"532",2019-07-15,0,0,0,1,0,0,0,0
"533",2019-07-16,0,0,0,0,1,0,0,0
"534",2019-07-17,0,0,0,0,1,0,0,0
"535",2019-07-18,0,0,0,0,1,0,0,0
"536",2019-07-19,0,0,0,0,1,0,0,0
"537",2019-07-20,0,0,0,0,1,0,0,0
"538",2019-07-21,0,0,0,0,1,0,0,0
"539",2019-07-22,0,0,0,0,1,0,0,0
"540",2019-07-23,0,0,0,0,0,1,0,0
"541",2019-07-24,0,0,0,0,0,1,0,0
"542",2019-07-25,0,0,0,0,0,1,0,0
"543",2019-07-26,0,0,0,0,0,1,0,0
"544",2019-07-27,0,0,0,0,0,1,0,0
"545",2019-07-28,0,0,0,0,0,1,0,0
"546",2019-07-29,0,0,0,0,0,1,0,0
"547",2019-07-30,1,0,0,0,0,0,0,0
"548",2019-07-31,1,0,0,0,0,0,0,0
"549",2019-08-01,1,0,0,0,0,0,0,0
"550",2019-08-02,1,0,0,0,0,0,0,0
"551",2019-08-03,1,0,0,0,0,0,0,0
"552",2019-08-04,1,0,0,0,0,0,0,0
"553",2019-08-05,1,0,0,0,0,0,0,0
"554",2019-08-06,0,1,0,0,0,0,0,0
"555",2019-08-07,0,1,0,0,0,0,0,0
"556",2019-08-08,0,1,0,0,0,0,0,0
"557",2019-08-09,0,1,0,0,0,0,0,0
"558",2019-08-10,0,1,0,0,0,0,0,0
"559",2019-08-11,0,1,0,0,0,0,0,0
"560",2019-08-12,0,1,0,0,0,0,0,0
"561",2019-08-13,0,0,1,0,0,0,0,0
"562",2019-08-14,0,0,1,0,0,0,0,0
"563",2019-08-15,0,0,1,0,0,0,0,0
"564",2019-08-16,0,0,1,0,0,0,0,0
"565",2019-08-17,0,0,1,0,0,0,0,0
"566",2019-08-18,0,0,1,0,0,0,0,0
"567",2019-08-19,0,0,1,0,0,0,0,0
"568",2019-08-20,0,0,0,1,0,0,0,0
"569",2019-08-21,0,0,0,1,0,0,0,0
"570",2019-08-22,0,0,0,1,0,0,0,0
"571",2019-08-23,0,0,0,1,0,0,0,0
"572",2019-08-24,0,0,0,1,0,0,0,0
"573",2019-08-25,0,0,0,1,0,0,0,0
"574",2019-08-26,0,0,0,1,0,0,0,0
"575",2019-08-27,0,0,0,0,1,0,0,0
"576",2019-08-28,0,0,0,0,1,0,0,0
"577",2019-08-29,0,0,0,0,1,0,0,0
"578",2019-08-30,0,0,0,0,1,0,0,0
"579",2019-08-31,0,0,0,0,1,0,0,0
"580",2019-09-01,0,0,0,0,1,0,0,0
"581",2019-09-02,0,0,0,0,1,0,0,0
"582",2019-09-03,0,0,0,0,0,1,0,0
"583",2019-09-04,0,0,0,0,0,1,0,0
"584",2019-09-05,0,0,0,0,0,1,0,0
"585",2019-09-06,0,0,0,0,0,1,0,0
"586",2019-09-07,0,0,0,0,0,1,0,0
"587",2019-09-08,0,0,0,0,0,1,0,0
"588",2019-09-09,0,0,0,0,0,1,0,0
"589",2019-09-10,0,0,0,0,0,0,1,0
"590",2019-09-11,0,0,0,0,0,0,1,0
"591",2019-09-12,0,0,0,0,0,0,1,0
"592",2019-09-13,0,0,0,0,0,0,1,0
"593",2019-09-14,0,0,0,0,0,0,1,0
"594",2019-09-15,0,0,0,0,0,0,1,0
"595",2019-09-16,0,0,0,0,0,0,1,0
"596",2019-09-17,1,0,0,0,0,0,0,0
"597",2019-09-18,1,0,0,0,0,0,0,0
"598",2019-09-19,1,0,0,0,0,0,0,0
"599",2019-09-20,1,0,0,0,0,0,0,0
"600",2019-09-21,1,0,0,0,0,0,0,0
"601",2019-09-22,1,0,0,0,0,0,0,0
"602",2019-09-23,1,0,0,0,0,0,0,0
"603",2019-09-24,0,1,0,0,0,0,0,0
"604",2019-09-25,0,1,0,0,0,0,0,0
"605",2019-09-26,0,1,0,0,0,0,0,0
"606",2019-09-27,0,1,0,0,0,0,0,0
"607",2019-09-28,0,1,0,0,0,0,0,0
"608",2019-09-29,0,1,0,0,0,0,0,0
"609",2019-09-30,0,1,0,0,0,0,0,0
"610",2019-10-01,0,0,1,0,0,0,0,0
"611",2019-10-02,0,0,1,0,0,0,0,0
"612",2019-10-03,0,0,1,0,0,0,0,0
"613",2019-10-04,1,0,0,0,0,0,0,0
"614",2019-10-05,1,0,0,0,0,0,0,0
"615",2019-10-06,1,0,0,0,0,0,0,0
"616",2019-10-07,1,0,0,0,0,0,0,0
"617",2019-10-08,1,0,0,0,0,0,0,0
"618",2019-10-09,1,0,0,0,0,0,0,0
"619",2019-10-10,1,0,0,0,0,0,0,0
"620",2019-10-11,0,1,0,0,0,0,0,0
"621",2019-10-12,0,1,0,0,0,0,0,0
"622",2019-10-13,0,1,0,0,0,0,0,0
"623",2019-10-14,0,1,0,0,0,0,0,0
"624",2019-10-15,0,1,0,0,0,0,0,0
"625",2019-10-16,0,1,0,0,0,0,0,0
"626",2019-10-17,0,1,0,0,0,0,0,0
"627",2019-10-18,0,0,1,0,0,0,0,0
"628",2019-10-19,0,0,1,0,0,0,0,0
"629",2019-10-20,0,0,1,0,0,0,0,0
"630",2019-10-21,0,0,1,0,0,0,0,0
"631",2019-10-22,0,0,1,0,0,0,0,0
"632",2019-10-23,0,0,1,0,0,0,0,0
"633",2019-10-24,0,0,1,0,0,0,0,0
"634",2019-10-25,0,0,0,1,0,0,0,0
"635",2019-10-26,0,0,0,1,0,0,0,0
"636",2019-10-27,0,0,0,1,0,0,0,0
"637",2019-10-28,0,0,0,1,0,0,0,0
"638",2019-10-29,1,0,0,0,0,0,0,0
"639",2019-10-30,1,0,0,0,0,0,0,0
"640",2019-10-31,1,0,0,0,0,0,0,0
"641",2019-11-01,1,0,0,0,0,0,0,0
"642",2019-11-02,1,0,0,0,0,0,0,0
"643",2019-11-03,1,0,0,0,0,0,0,0
"644",2019-11-04,1,0,0,0,0,0,0,0
"645",2019-11-05,0,1,0,0,0,0,0,0
"646",2019-11-06,0,1,0,0,0,0,0,0
"647",2019-11-07,0,1,0,0,0,0,0,0
"648",2019-11-08,0,1,0,0,0,0,0,0
"649",2019-11-09,0,1,0,0,0,0,0,0
"650",2019-11-10,0,1,0,0,0,0,0,0
"651",2019-11-11,0,1,0,0,0,0,0,0
"652",2019-11-12,0,0,1,0,0,0,0,0
"653",2019-11-13,0,0,1,0,0,0,0,0
"654",2019-11-14,0,0,1,0,0,0,0,0
"655",2019-11-15,0,0,1,0,0,0,0,0
"656",2019-11-16,0,0,1,0,0,0,0,0
"657",2019-11-17,0,0,1,0,0,0,0,0
"658",2019-11-18,0,0,1,0,0,0,0,0
"659",2019-11-19,0,0,0,1,0,0,0,0
"660",2019-11-20,0,0,0,1,0,0,0,0
"661",2019-11-21,0,0,0,1,0,0,0,0
"662",2019-11-22,0,0,0,1,0,0,0,0
"663",2019-11-23,0,0,0,1,0,0,0,0
"664",2019-11-24,0,0,0,1,0,0,0,0
"665",2019-11-25,0,0,0,1,0,0,0,0
"666",2019-11-26,0,0,0,0,1,0,0,0
"667",2019-11-27,0,0,0,0,1,0,0,0
"668",2019-11-28,0,0,0,0,1,0,0,0
"669",2019-11-29,0,0,0,0,1,0,0,0
"670",2019-11-30,0,0,0,0,1,0,0,0
"671",2019-12-01,0,0,0,0,1,0,0,0
"672",2019-12-02,0,0,0,0,1,0,0,0
"673",2019-12-03,0,0,0,0,0,1,0,0
"674",2019-12-04,0,0,0,0,0,1,0,0
"675",2019-12-05,0,0,0,0,0,1,0,0
"676",2019-12-06,0,0,0,0,0,1,0,0
"677",2019-12-07,0,0,0,0,0,1,0,0
"678",2019-12-08,0,0,0,0,0,1,0,0
"679",2019-12-09,0,0,0,0,0,1,0,0
"680",2019-12-10,1,0,0,0,0,0,0,0
"681",2019-12-11,1,0,0,0,0,0,0,0
"682",2019-12-12,1,0,0,0,0,0,0,0
"683",2019-12-13,1,0,0,0,0,0,0,0
"684",2019-12-14,1,0,0,0,0,0,0,0
"685",2019-12-15,1,0,0,0,0,0,0,0
"686",2019-12-16,1,0,0,0,0,0,0,0
"687",2019-12-17,0,1,0,0,0,0,0,0
"688",2019-12-18,0,1,0,0,0,0,0,0
"689",2019-12-19,0,1,0,0,0,0,0,0
"690",2019-12-20,0,1,0,0,0,0,0,0
"691",2019-12-21,0,1,0,0,0,0,0,0
"692",2019-12-22,0,1,0,0,0,0,0,0
"693",2019-12-23,0,1,0,0,0,0,0,0
"694",2019-12-24,0,0,1,0,0,0,0,0
"695",2019-12-25,0,0,1,0,0,0,0,0
"696",2019-12-26,0,0,1,0,0,0,0,0
"697",2019-12-27,0,0,1,0,0,0,0,0
"698",2019-12-28,0,0,1,0,0,0,0,0
"699",2019-12-29,0,0,1,0,0,0,0,0
"700",2019-12-30,0,0,1,0,0,0,0,0
"701",2019-12-31,0,0,0,1,0,0,0,0
"702",2020-01-01,0,0,0,1,0,0,0,0
"703",2020-01-02,0,0,0,1,0,0,0,0
"704",2020-01-03,0,0,0,1,0,0,0,0
"705",2020-01-04,0,0,0,1,0,0,0,0
"706",2020-01-05,0,0,0,1,0,0,0,0
"707",2020-01-06,0,0,0,1,0,0,0,0
"708",2020-01-07,0,0,0,0,1,0,0,0
"709",2020-01-08,0,0,0,0,1,0,0,0
"710",2020-01-09,0,0,0,0,1,0,0,0
"711",2020-01-10,0,0,0,0,1,0,0,0
"712",2020-01-11,0,0,0,0,1,0,0,0
"713",2020-01-12,0,0,0,0,1,0,0,0
"714",2020-01-13,0,0,0,0,1,0,0,0
"715",2020-01-14,0,0,0,0,0,1,0,0
"716",2020-01-15,0,0,0,0,0,1,0,0
"717",2020-01-16,0,0,0,0,0,1,0,0
"718",2020-01-17,0,0,0,0,0,1,0,0
"719",2020-01-18,0,0,0,0,0,1,0,0
"720",2020-01-19,0,0,0,0,0,1,0,0
"721",2020-01-20,0,0,0,0,0,1,0,0
"722",2020-01-21,0,0,0,0,0,0,1,0
"723",2020-01-22,0,0,0,0,0,0,1,0
"724",2020-01-23,0,0,0,0,0,0,1,0
"725",2020-01-24,0,0,0,0,0,0,1,0
"726",2020-01-25,0,0,0,0,0,0,1,0
"727",2020-01-26,0,0,0,0,0,0,1,0
"728",2020-01-27,0,0,0,0,0,0,1,0
"729",2020-01-28,1,0,0,0,0,0,0,0
"730",2020-01-29,1,0,0,0,0,0,0,0
"731",2020-01-30,1,0,0,0,0,0,0,0
"732",2020-01-31,1,0,0,0,0,0,0,0
"733",2020-02-01,1,0,0,0,0,0,0,0
"734",2020-02-02,1,0,0,0,0,0,0,0
"735",2020-02-03,1,0,0,0,0,0,0,0
"736",2020-02-04,0,1,0,0,0,0,0,0
"737",2020-02-05,0,1,0,0,0,0,0,0
"738",2020-02-06,0,1,0,0,0,0,0,0
"739",2020-02-07,0,1,0,0,0,0,0,0
"740",2020-02-08,0,1,0,0,0,0,0,0
"741",2020-02-09,0,1,0,0,0,0,0,0
"742",2020-02-10,0,1,0,0,0,0,0,0
"743",2020-02-11,0,0,1,0,0,0,0,0
"744",2020-02-12,0,0,1,0,0,0,0,0
"745",2020-02-13,0,0,1,0,0,0,0,0
"746",2020-02-14,0,0,1,0,0,0,0,0
"747",2020-02-15,0,0,1,0,0,0,0,0
"748",2020-02-16,0,0,1,0,0,0,0,0
"749",2020-02-17,0,0,1,0,0,0,0,0
"750",2020-02-18,0,0,0,1,0,0,0,0
"751",2020-02-19,0,0,0,1,0,0,0,0
"752",2020-02-20,0,0,0,1,0,0,0,0
"753",2020-02-21,0,0,0,1,0,0,0,0
"754",2020-02-22,0,0,0,1,0,0,0,0
"755",2020-02-23,0,0,0,1,0,0,0,0
"756",2020-02-24,0,0,0,1,0,0,0,0
"757",2020-02-25,0,0,0,0,1,0,0,0
"758",2020-02-26,0,0,0,0,1,0,0,0
"759",2020-02-27,0,0,0,0,1,0,0,0
"760",2020-02-28,0,0,0,0,1,0,0,0
"761",2020-02-29,0,0,0,0,1,0,0,0
"762",2020-03-01,0,0,0,0,1,0,0,0
"763",2020-03-02,0,0,0,0,1,0,0,0
"764",2020-03-03,1,0,0,0,0,0,0,0
"765",2020-03-04,1,0,0,0,0,0,0,0
"766",2020-03-05,1,0,0,0,0,0,0,0
"767",2020-03-06,1,0,0,0,0,0,0,0
"768",2020-03-07,1,0,0,0,0,0,0,0
"769",2020-03-08,1,0,0,0,0,0,0,0
"770",2020-03-09,1,0,0,0,0,0,0,0
"771",2020-03-10,0,1,0,0,0,0,0,0
"772",2020-03-11,0,1,0,0,0,0,0,0
"773",2020-03-12,0,1,0,0,0,0,0,0
"774",2020-03-13,0,1,0,0,0,0,0,0
"775",2020-03-14,0,1,0,0,0,0,0,0
"776",2020-03-15,1,0,0,0,0,0,0,0
"777",2020-03-16,1,0,0,0,0,0,0,0
"778",2020-03-17,1,0,0,0,0,0,0,0
"779",2020-03-18,1,0,0,0,0,0,0,0
"780",2020-03-19,1,0,0,0,0,0,0,0
"781",2020-03-20,1,0,0,0,0,0,0,0
"782",2020-03-21,1,0,0,0,0,0,0,0
"783",2020-03-22,1,0,0,0,0,0,0,0
"784",2020-03-23,1,0,0,0,0,0,0,0
"785",2020-03-24,1,0,0,0,0,0,0,0
"786",2020-03-25,1,0,0,0,0,0,0,0
"787",2020-03-26,1,0,0,0,0,0,0,0
"788",2020-03-27,1,0,0,0,0,0,0,0
"789",2020-03-28,1,0,0,0,0,0,0,0
"790",2020-03-29,1,0,0,0,0,0,0,0
"791",2020-03-30,0,1,0,0,0,0,0,0
"792",2020-03-31,1,0,0,0,0,0,0,0
"793",2020-04-01,1,0,0,0,0,0,0,0
"794",2020-04-02,1,0,0,0,0,0,0,0
"795",2020-04-03,1,0,0,0,0,0,0,0
"796",2020-04-04,1,0,0,0,0,0,0,0
"797",2020-04-05,1,0,0,0,0,0,0,0
"798",2020-04-06,1,0,0,0,0,0,0,0
"799",2020-04-07,0,1,0,0,0,0,0,0
"800",2020-04-08,0,1,0,0,0,0,0,0
"801",2020-04-09,0,1,0,0,0,0,0,0
"802",2020-04-10,0,1,0,0,0,0,0,0
"803",2020-04-11,0,1,0,0,0,0,0,0
"804",2020-04-12,0,1,0,0,0,0,0,0
"805",2020-04-13,0,1,0,0,0,0,0,0
"806",2020-04-14,0,0,1,0,0,0,0,0
"807",2020-04-15,0,0,1,0,0,0,0,0
"808",2020-04-16,0,0,1,0,0,0,0,0
"809",2020-04-17,0,0,1,0,0,0,0,0
"810",2020-04-18,0,0,1,0,0,0,0,0
"811",2020-04-19,0,0,1,0,0,0,0,0
"812",2020-04-20,0,0,1,0,0,0,0,0
"813",2020-04-21,0,0,0,1,0,0,0,0
"814",2020-04-22,0,0,0,1,0,0,0,0
"815",2020-04-23,0,0,0,1,0,0,0,0
"816",2020-04-24,0,0,0,1,0,0,0,0
"817",2020-04-25,0,0,0,1,0,0,0,0
"818",2020-04-26,0,0,0,1,0,0,0,0
"819",2020-04-27,0,0,0,1,0,0,0,0
"820",2020-04-28,1,0,0,0,0,0,0,0
"821",2020-04-29,1,0,0,0,0,0,0,0
"822",2020-04-30,1,0,0,0,0,0,0,0
"823",2020-05-01,1,0,0,0,0,0,0,0
"824",2020-05-02,1,0,0,0,0,0,0,0
"825",2020-05-03,1,0,0,0,0,0,0,0
"826",2020-05-04,1,0,0,0,0,0,0,0
"827",2020-05-05,0,1,0,0,0,0,0,0
"828",2020-05-06,0,1,0,0,0,0,0,0
"829",2020-05-07,0,1,0,0,0,0,0,0
"830",2020-05-08,0,1,0,0,0,0,0,0
"831",2020-05-09,0,1,0,0,0,0,0,0
"832",2020-05-10,0,1,0,0,0,0,0,0
"833",2020-05-11,0,1,0,0,0,0,0,0
"834",2020-05-12,0,0,1,0,0,0,0,0
"835",2020-05-13,0,0,1,0,0,0,0,0
"836",2020-05-14,0,0,1,0,0,0,0,0
"837",2020-05-15,0,0,1,0,0,0,0,0
"838",2020-05-16,0,0,1,0,0,0,0,0
"839",2020-05-17,0,0,1,0,0,0,0,0
"840",2020-05-18,0,0,1,0,0,0,0,0
"841",2020-05-19,0,0,0,1,0,0,0,0
"842",2020-05-20,0,0,0,1,0,0,0,0
"843",2020-05-21,0,0,0,1,0,0,0,0
"844",2020-05-22,0,0,0,1,0,0,0,0
"845",2020-05-23,0,0,0,1,0,0,0,0
"846",2020-05-24,0,0,0,1,0,0,0,0
"847",2020-05-25,0,0,0,1,0,0,0,0
"848",2020-05-26,0,0,0,0,1,0,0,0
"849",2020-05-27,0,0,0,0,1,0,0,0
"850",2020-05-28,0,0,0,0,1,0,0,0
"851",2020-05-29,0,0,0,0,1,0,0,0
"852",2020-05-30,0,0,0,0,1,0,0,0
"853",2020-05-31,0,0,0,0,1,0,0,0
"854",2020-06-01,0,0,0,0,1,0,0,0
"855",2020-06-02,0,0,0,0,0,1,0,0
"856",2020-06-03,0,0,0,0,0,1,0,0
"857",2020-06-04,0,0,0,0,0,1,0,0
"858",2020-06-05,0,0,0,0,0,1,0,0
"859",2020-06-06,0,0,0,0,0,1,0,0
"860",2020-06-07,0,0,0,0,0,1,0,0
"861",2020-06-08,0,0,0,0,0,1,0,0
"862",2020-06-09,1,0,0,0,0,0,0,0
"863",2020-06-10,1,0,0,0,0,0,0,0
"864",2020-06-11,1,0,0,0,0,0,0,0
"865",2020-06-12,1,0,0,0,0,0,0,0
"866",2020-06-13,1,0,0,0,0,0,0,0
"867",2020-06-14,1,0,0,0,0,0,0,0
"868",2020-06-15,1,0,0,0,0,0,0,0
"869",2020-06-16,0,1,0,0,0,0,0,0
"870",2020-06-17,0,1,0,0,0,0,0,0
"871",2020-06-18,0,1,0,0,0,0,0,0
"872",2020-06-19,0,1,0,0,0,0,0,0
"873",2020-06-20,0,1,0,0,0,0,0,0
"874",2020-06-21,0,1,0,0,0,0,0,0
"875",2020-06-22,0,1,0,0,0,0,0,0
"876",2020-06-23,0,0,1,0,0,0,0,0
"877",2020-06-24,0,0,1,0,0,0,0,0
"878",2020-06-25,0,0,1,0,0,0,0,0
"879",2020-06-26,0,0,1,0,0,0,0,0
"880",2020-06-27,0,0,1,0,0,0,0,0
"881",2020-06-28,0,0,1,0,0,0,0,0
"882",2020-06-29,0,0,1,0,0,0,0,0
"883",2020-06-30,0,0,0,1,0,0,0,0
"884",2020-07-01,0,0,0,1,0,0,0,0
"885",2020-07-02,0,0,0,1,0,0,0,0
"886",2020-07-03,0,0,0,1,0,0,0,0
"887",2020-07-04,0,0,0,1,0,0,0,0
"888",2020-07-05,0,0,0,1,0,0,0,0
"889",2020-07-06,0,0,0,1,0,0,0,0
"890",2020-07-07,0,0,0,0,1,0,0,0
"891",2020-07-08,0,0,0,0,1,0,0,0
"892",2020-07-09,0,0,0,0,1,0,0,0
"893",2020-07-10,0,0,0,0,1,0,0,0
"894",2020-07-11,0,0,0,0,1,0,0,0
"895",2020-07-12,0,0,0,0,1,0,0,0
"896",2020-07-13,0,0,0,0,1,0,0,0
"897",2020-07-14,0,0,0,0,0,1,0,0
"898",2020-07-15,0,0,0,0,0,1,0,0
"899",2020-07-16,0,0,0,0,0,1,0,0
"900",2020-07-17,0,0,0,0,0,1,0,0
"901",2020-07-18,0,0,0,0,0,1,0,0
"902",2020-07-19,0,0,0,0,0,1,0,0
"903",2020-07-20,0,0,0,0,0,1,0,0
"904",2020-07-21,0,0,0,0,0,0,1,0
"905",2020-07-22,0,0,0,0,0,0,1,0
"906",2020-07-23,0,0,0,0,0,0,1,0
"907",2020-07-24,0,0,0,0,0,0,1,0
"908",2020-07-25,0,0,0,0,0,0,1,0
"909",2020-07-26,0,0,0,0,0,0,1,0
"910",2020-07-27,0,0,0,0,0,0,1,0
"911",2020-07-28,1,0,0,0,0,0,0,0
"912",2020-07-29,1,0,0,0,0,0,0,0
"913",2020-07-30,1,0,0,0,0,0,0,0
"914",2020-07-31,1,0,0,0,0,0,0,0
"915",2020-08-01,1,0,0,0,0,0,0,0
"916",2020-08-02,1,0,0,0,0,0,0,0
"917",2020-08-03,1,0,0,0,0,0,0,0
"918",2020-08-04,0,1,0,0,0,0,0,0
"919",2020-08-05,0,1,0,0,0,0,0,0
"920",2020-08-06,0,1,0,0,0,0,0,0
"921",2020-08-07,0,1,0,0,0,0,0,0
"922",2020-08-08,0,1,0,0,0,0,0,0
"923",2020-08-09,0,1,0,0,0,0,0,0
"924",2020-08-10,0,1,0,0,0,0,0,0
"925",2020-08-11,0,0,1,0,0,0,0,0
"926",2020-08-12,0,0,1,0,0,0,0,0
"927",2020-08-13,0,0,1,0,0,0,0,0
"928",2020-08-14,0,0,1,0,0,0,0,0
"929",2020-08-15,0,0,1,0,0,0,0,0
"930",2020-08-16,0,0,1,0,0,0,0,0
"931",2020-08-17,0,0,1,0,0,0,0,0
"932",2020-08-18,0,0,0,1,0,0,0,0
"933",2020-08-19,0,0,0,1,0,0,0,0
"934",2020-08-20,0,0,0,1,0,0,0,0
"935",2020-08-21,0,0,0,1,0,0,0,0
"936",2020-08-22,0,0,0,1,0,0,0,0
"937",2020-08-23,0,0,0,1,0,0,0,0
"938",2020-08-24,0,0,0,1,0,0,0,0
"939",2020-08-25,0,0,0,0,1,0,0,0
"940",2020-08-26,0,0,0,0,1,0,0,0
"941",2020-08-27,1,0,0,0,0,0,0,0
"942",2020-08-28,1,0,0,0,0,0,0,0
"943",2020-08-29,1,0,0,0,0,0,0,0
"944",2020-08-30,1,0,0,0,0,0,0,0
"945",2020-08-31,1,0,0,0,0,0,0,0
"946",2020-09-01,1,0,0,0,0,0,0,0
"947",2020-09-02,1,0,0,0,0,0,0,0
"948",2020-09-03,0,1,0,0,0,0,0,0
"949",2020-09-04,0,1,0,0,0,0,0,0
"950",2020-09-05,0,1,0,0,0,0,0,0
"951",2020-09-06,0,1,0,0,0,0,0,0
"952",2020-09-07,0,1,0,0,0,0,0,0
"953",2020-09-08,0,1,0,0,0,0,0,0
"954",2020-09-09,0,1,0,0,0,0,0,0
"955",2020-09-10,0,0,1,0,0,0,0,0
"956",2020-09-11,0,0,1,0,0,0,0,0
"957",2020-09-12,0,0,1,0,0,0,0,0
"958",2020-09-13,0,0,1,0,0,0,0,0
"959",2020-09-14,0,0,1,0,0,0,0,0
"960",2020-09-15,1,0,0,0,0,0,0,0
"961",2020-09-16,1,0,0,0,0,0,0,0
"962",2020-09-17,1,0,0,0,0,0,0,0
"963",2020-09-18,1,0,0,0,0,0,0,0
"964",2020-09-19,1,0,0,0,0,0,0,0
"965",2020-09-20,1,0,0,0,0,0,0,0
"966",2020-09-21,1,0,0,0,0,0,0,0
"967",2020-09-22,0,1,0,0,0,0,0,0
"968",2020-09-23,0,1,0,0,0,0,0,0
"969",2020-09-24,0,1,0,0,0,0,0,0
"970",2020-09-25,0,1,0,0,0,0,0,0
"971",2020-09-26,0,1,0,0,0,0,0,0
"972",2020-09-27,0,1,0,0,0,0,0,0
"973",2020-09-28,0,1,0,0,0,0,0,0
"974",2020-09-29,0,0,1,0,0,0,0,0
"975",2020-09-30,0,0,1,0,0,0,0,0
"976",2020-10-01,0,0,1,0,0,0,0,0
"977",2020-10-02,0,0,1,0,0,0,0,0
"978",2020-10-03,0,0,1,0,0,0,0,0
"979",2020-10-04,0,0,1,0,0,0,0,0
"980",2020-10-05,0,0,1,0,0,0,0,0
"981",2020-10-06,0,0,0,1,0,0,0,0
"982",2020-10-07,0,0,0,1,0,0,0,0
"983",2020-10-08,0,0,0,1,0,0,0,0
"984",2020-10-09,0,0,0,1,0,0,0,0
"985",2020-10-10,0,0,0,1,0,0,0,0
"986",2020-10-11,0,0,0,1,0,0,0,0
"987",2020-10-12,0,0,0,1,0,0,0,0
"988",2020-10-13,0,0,0,0,1,0,0,0
"989",2020-10-14,0,0,0,0,1,0,0,0
"990",2020-10-15,0,0,0,0,1,0,0,0
"991",2020-10-16,0,0,0,0,1,0,0,0
"992",2020-10-17,0,0,0,0,1,0,0,0
"993",2020-10-18,0,0,0,0,1,0,0,0
"994",2020-10-19,0,0,0,0,1,0,0,0
"995",2020-10-20,0,0,0,0,0,1,0,0
"996",2020-10-21,0,0,0,0,0,1,0,0
"997",2020-10-22,0,0,0,0,0,1,0,0
"998",2020-10-23,0,0,0,0,0,1,0,0
"999",2020-10-24,0,0,0,0,0,1,0,0
"1000",2020-10-25,0,0,0,0,0,1,0,0
"1001",2020-10-26,0,0,0,0,0,1,0,0
"1002",2020-10-27,0,0,0,0,0,0,1,0
"1003",2020-10-28,0,0,0,0,0,0,1,0
"1004",2020-10-29,0,0,0,0,0,0,1,0
"1005",2020-10-30,0,0,0,0,0,0,1,0
"1006",2020-10-31,0,0,0,0,0,0,1,0
"1007",2020-11-01,0,0,0,0,0,0,1,0
"1008",2020-11-02,0,0,0,0,0,0,1,0
"1009",2020-11-03,0,0,0,0,0,0,0,1
"1010",2020-11-04,1,0,0,0,0,0,0,0
"1011",2020-11-05,1,0,0,0,0,0,0,0
"1012",2020-11-06,1,0,0,0,0,0,0,0
"1013",2020-11-07,1,0,0,0,0,0,0,0
"1014",2020-11-08,1,0,0,0,0,0,0,0
"1015",2020-11-09,1,0,0,0,0,0,0,0
"1016",2020-11-10,1,0,0,0,0,0,0,0
"1017",2020-11-11,0,1,0,0,0,0,0,0
"1018",2020-11-12,0,1,0,0,0,0,0,0
"1019",2020-11-13,0,1,0,0,0,0,0,0
"1020",2020-11-14,0,1,0,0,0,0,0,0
"1021",2020-11-15,0,1,0,0,0,0,0,0
"1022",2020-11-16,0,1,0,0,0,0,0,0
"1023",2020-11-17,0,1,0,0,0,0,0,0
"1024",2020-11-18,0,0,1,0,0,0,0,0
"1025",2020-11-19,0,0,1,0,0,0,0,0
"1026",2020-11-20,0,0,1,0,0,0,0,0
"1027",2020-11-21,0,0,1,0,0,0,0,0
"1028",2020-11-22,0,0,1,0,0,0,0,0
"1029",2020-11-23,0,0,1,0,0,0,0,0
"1030",2020-11-24,0,0,1,0,0,0,0,0
"1031",2020-11-25,0,0,0,1,0,0,0,0
"1032",2020-11-26,0,0,0,1,0,0,0,0
"1033",2020-11-27,0,0,0,1,0,0,0,0
"1034",2020-11-28,0,0,0,1,0,0,0,0
"1035",2020-11-29,0,0,0,1,0,0,0,0
"1036",2020-11-30,0,0,0,1,0,0,0,0
"1037",2020-12-01,0,0,0,1,0,0,0,0
"1038",2020-12-02,0,0,0,0,1,0,0,0
"1039",2020-12-03,0,0,0,0,1,0,0,0
"1040",2020-12-04,0,0,0,0,1,0,0,0
"1041",2020-12-05,0,0,0,0,1,0,0,0
"1042",2020-12-06,0,0,0,0,1,0,0,0
"1043",2020-12-07,0,0,0,0,1,0,0,0
"1044",2020-12-08,0,0,0,0,1,0,0,0
"1045",2020-12-09,0,0,0,0,0,1,0,0
"1046",2020-12-10,0,0,0,0,0,1,0,0
"1047",2020-12-11,0,0,0,0,0,1,0,0
"1048",2020-12-12,0,0,0,0,0,1,0,0
"1049",2020-12-13,0,0,0,0,0,1,0,0
"1050",2020-12-14,0,0,0,0,0,1,0,0
"1051",2020-12-15,1,0,0,0,0,0,0,0
"1052",2020-12-16,1,0,0,0,0,0,0,0
"1053",2020-12-17,1,0,0,0,0,0,0,0
"1054",2020-12-18,1,0,0,0,0,0,0,0
"1055",2020-12-19,1,0,0,0,0,0,0,0
"1056",2020-12-20,1,0,0,0,0,0,0,0
"1057",2020-12-21,1,0,0,0,0,0,0,0
"1058",2020-12-22,0,1,0,0,0,0,0,0
"1059",2020-12-23,0,1,0,0,0,0,0,0
"1060",2020-12-24,0,1,0,0,0,0,0,0
"1061",2020-12-25,0,1,0,0,0,0,0,0
"1062",2020-12-26,0,1,0,0,0,0,0,0
"1063",2020-12-27,0,1,0,0,0,0,0,0
"1064",2020-12-28,0,1,0,0,0,0,0,0
"1065",2020-12-29,0,0,1,0,0,0,0,0
"1066",2020-12-30,0,0,1,0,0,0,0,0
"1067",2020-12-31,0,0,1,0,0,0,0,0
"1068",2021-01-01,0,0,1,0,0,0,0,0
"1069",2021-01-02,0,0,1,0,0,0,0,0
"1070",2021-01-03,0,0,1,0,0,0,0,0
"1071",2021-01-04,0,0,1,0,0,0,0,0
"1072",2021-01-05,0,0,0,1,0,0,0,0
"1073",2021-01-06,0,0,0,1,0,0,0,0
"1074",2021-01-07,0,0,0,1,0,0,0,0
"1075",2021-01-08,0,0,0,1,0,0,0,0
"1076",2021-01-09,0,0,0,1,0,0,0,0
"1077",2021-01-10,0,0,0,1,0,0,0,0
"1078",2021-01-11,0,0,0,1,0,0,0,0
"1079",2021-01-12,0,0,0,0,1,0,0,0
"1080",2021-01-13,0,0,0,0,1,0,0,0
"1081",2021-01-14,0,0,0,0,1,0,0,0
"1082",2021-01-15,0,0,0,0,1,0,0,0
"1083",2021-01-16,0,0,0,0,1,0,0,0
"1084",2021-01-17,0,0,0,0,1,0,0,0
"1085",2021-01-18,0,0,0,0,1,0,0,0
"1086",2021-01-19,0,0,0,0,0,1,0,0
"1087",2021-01-20,0,0,0,0,0,1,0,0
"1088",2021-01-21,0,0,0,0,0,1,0,0
"1089",2021-01-22,0,0,0,0,0,1,0,0
"1090",2021-01-23,0,0,0,0,0,1,0,0
"1091",2021-01-24,0,0,0,0,0,1,0,0
"1092",2021-01-25,0,0,0,0,0,1,0,0
"1093",2021-01-26,1,0,0,0,0,0,0,0
"1094",2021-01-27,1,0,0,0,0,0,0,0
"1095",2021-01-28,1,0,0,0,0,0,0,0
"1096",2021-01-29,1,0,0,0,0,0,0,0
"1097",2021-01-30,1,0,0,0,0,0,0,0
"1098",2021-01-31,1,0,0,0,0,0,0,0
"1099",2021-02-01,1,0,0,0,0,0,0,0
"1100",2021-02-02,0,1,0,0,0,0,0,0
"1101",2021-02-03,0,1,0,0,0,0,0,0
"1102",2021-02-04,0,1,0,0,0,0,0,0
"1103",2021-02-05,0,1,0,0,0,0,0,0
"1104",2021-02-06,0,1,0,0,0,0,0,0
"1105",2021-02-07,0,1,0,0,0,0,0,0
"1106",2021-02-08,0,1,0,0,0,0,0,0
"1107",2021-02-09,0,0,1,0,0,0,0,0
"1108",2021-02-10,0,0,1,0,0,0,0,0
"1109",2021-02-11,0,0,1,0,0,0,0,0
"1110",2021-02-12,0,0,1,0,0,0,0,0
"1111",2021-02-13,0,0,1,0,0,0,0,0
"1112",2021-02-14,0,0,1,0,0,0,0,0
"1113",2021-02-15,0,0,1,0,0,0,0,0
"1114",2021-02-16,0,0,0,1,0,0,0,0
"1115",2021-02-17,0,0,0,1,0,0,0,0
"1116",2021-02-18,0,0,0,1,0,0,0,0
"1117",2021-02-19,0,0,0,1,0,0,0,0
"1118",2021-02-20,0,0,0,1,0,0,0,0
"1119",2021-02-21,0,0,0,1,0,0,0,0
"1120",2021-02-22,0,0,0,1,0,0,0,0
"1121",2021-02-23,0,0,0,0,1,0,0,0
"1122",2021-02-24,0,0,0,0,1,0,0,0
"1123",2021-02-25,0,0,0,0,1,0,0,0
"1124",2021-02-26,0,0,0,0,1,0,0,0
"1125",2021-02-27,0,0,0,0,1,0,0,0
"1126",2021-02-28,0,0,0,0,1,0,0,0
"1127",2021-03-01,0,0,0,0,1,0,0,0
"1128",2021-03-02,0,0,0,0,0,1,0,0
"1129",2021-03-03,0,0,0,0,0,1,0,0
"1130",2021-03-04,0,0,0,0,0,1,0,0
"1131",2021-03-05,0,0,0,0,0,1,0,0
"1132",2021-03-06,0,0,0,0,0,1,0,0
"1133",2021-03-07,0,0,0,0,0,1,0,0
"1134",2021-03-08,0,0,0,0,0,1,0,0
"1135",2021-03-09,0,0,0,0,0,0,1,0
"1136",2021-03-10,0,0,0,0,0,0,1,0
"1137",2021-03-11,0,0,0,0,0,0,1,0
"1138",2021-03-12,0,0,0,0,0,0,1,0
"1139",2021-03-13,0,0,0,0,0,0,1,0
"1140",2021-03-14,0,0,0,0,0,0,1,0
"1141",2021-03-15,0,0,0,0,0,0,1,0
"1142",2021-03-16,1,0,0,0,0,0,0,0
"1143",2021-03-17,1,0,0,0,0,0,0,0
"1144",2021-03-18,1,0,0,0,0,0,0,0
"1145",2021-03-19,1,0,0,0,0,0,0,0
"1146",2021-03-20,1,0,0,0,0,0,0,0
"1147",2021-03-21,1,0,0,0,0,0,0,0
"1148",2021-03-22,1,0,0,0,0,0,0,0
"1149",2021-03-23,0,1,0,0,0,0,0,0
"1150",2021-03-24,0,1,0,0,0,0,0,0
"1151",2021-03-25,0,1,0,0,0,0,0,0
"1152",2021-03-26,0,1,0,0,0,0,0,0
"1153",2021-03-27,0,1,0,0,0,0,0,0
"1154",2021-03-28,0,1,0,0,0,0,0,0
"1155",2021-03-29,0,1,0,0,0,0,0,0
"1156",2021-03-30,0,0,1,0,0,0,0,0
"1157",2021-03-31,0,0,1,0,0,0,0,0
"1158",2021-04-01,0,0,1,0,0,0,0,0
"1159",2021-04-02,0,0,1,0,0,0,0,0
"1160",2021-04-03,0,0,1,0,0,0,0,0
"1161",2021-04-04,0,0,1,0,0,0,0,0
"1162",2021-04-05,0,0,1,0,0,0,0,0
"1163",2021-04-06,0,0,0,1,0,0,0,0
"1164",2021-04-07,0,0,0,1,0,0,0,0
"1165",2021-04-08,0,0,0,1,0,0,0,0
"1166",2021-04-09,0,0,0,1,0,0,0,0
"1167",2021-04-10,0,0,0,1,0,0,0,0
"1168",2021-04-11,0,0,0,1,0,0,0,0
"1169",2021-04-12,0,0,0,1,0,0,0,0
"1170",2021-04-13,0,0,0,0,1,0,0,0
"1171",2021-04-14,0,0,0,0,1,0,0,0
"1172",2021-04-15,0,0,0,0,1,0,0,0
"1173",2021-04-16,0,0,0,0,1,0,0,0
"1174",2021-04-17,0,0,0,0,1,0,0,0
"1175",2021-04-18,0,0,0,0,1,0,0,0
"1176",2021-04-19,0,0,0,0,1,0,0,0
"1177",2021-04-20,0,0,0,0,0,1,0,0
"1178",2021-04-21,0,0,0,0,0,1,0,0
"1179",2021-04-22,0,0,0,0,0,1,0,0
"1180",2021-04-23,0,0,0,0,0,1,0,0
"1181",2021-04-24,0,0,0,0,0,1,0,0
"1182",2021-04-25,0,0,0,0,0,1,0,0
"1183",2021-04-26,0,0,0,0,0,1,0,0
"1184",2021-04-27,1,0,0,0,0,0,0,0
"1185",2021-04-28,1,0,0,0,0,0,0,0
"1186",2021-04-29,1,0,0,0,0,0,0,0
"1187",2021-04-30,1,0,0,0,0,0,0,0
"1188",2021-05-01,1,0,0,0,0,0,0,0
"1189",2021-05-02,1,0,0,0,0,0,0,0
"1190",2021-05-03,1,0,0,0,0,0,0,0
"1191",2021-05-04,0,1,0,0,0,0,0,0
"1192",2021-05-05,0,1,0,0,0,0,0,0
"1193",2021-05-06,0,1,0,0,0,0,0,0
"1194",2021-05-07,0,1,0,0,0,0,0,0
"1195",2021-05-08,0,1,0,0,0,0,0,0
"1196",2021-05-09,0,1,0,0,0,0,0,0
"1197",2021-05-10,0,1,0,0,0,0,0,0
"1198",2021-05-11,0,0,1,0,0,0,0,0
"1199",2021-05-12,0,0,1,0,0,0,0,0
"1200",2021-05-13,0,0,1,0,0,0,0,0
"1201",2021-05-14,0,0,1,0,0,0,0,0
"1202",2021-05-15,0,0,1,0,0,0,0,0
"1203",2021-05-16,0,0,1,0,0,0,0,0
"1204",2021-05-17,0,0,1,0,0,0,0,0
"1205",2021-05-18,0,0,0,1,0,0,0,0
"1206",2021-05-19,0,0,0,1,0,0,0,0
"1207",2021-05-20,0,0,0,1,0,0,0,0
"1208",2021-05-21,0,0,0,1,0,0,0,0
"1209",2021-05-22,0,0,0,1,0,0,0,0
"1210",2021-05-23,0,0,0,1,0,0,0,0
"1211",2021-05-24,0,0,0,1,0,0,0,0
"1212",2021-05-25,0,0,0,0,1,0,0,0
"1213",2021-05-26,0,0,0,0,1,0,0,0
"1214",2021-05-27,0,0,0,0,1,0,0,0
"1215",2021-05-28,0,0,0,0,1,0,0,0
"1216",2021-05-29,0,0,0,0,1,0,0,0
"1217",2021-05-30,0,0,0,0,1,0,0,0
"1218",2021-05-31,0,0,0,0,1,0,0,0
"1219",2021-06-01,0,0,0,0,0,1,0,0
"1220",2021-06-02,0,0,0,0,0,1,0,0
"1221",2021-06-03,0,0,0,0,0,1,0,0
"1222",2021-06-04,0,0,0,0,0,1,0,0
"1223",2021-06-05,0,0,0,0,0,1,0,0
"1224",2021-06-06,0,0,0,0,0,1,0,0
"1225",2021-06-07,0,0,0,0,0,1,0,0
"1226",2021-06-08,0,0,0,0,0,0,1,0
"1227",2021-06-09,0,0,0,0,0,0,1,0
"1228",2021-06-10,0,0,0,0,0,0,1,0
"1229",2021-06-11,0,0,0,0,0,0,1,0
"1230",2021-06-12,0,0,0,0,0,0,1,0
"1231",2021-06-13,0,0,0,0,0,0,1,0
"1232",2021-06-14,0,0,0,0,0,0,1,0
"1233",2021-06-15,1,0,0,0,0,0,0,0
"1234",2021-06-16,1,0,0,0,0,0,0,0
"1235",2021-06-17,1,0,0,0,0,0,0,0
"1236",2021-06-18,1,0,0,0,0,0,0,0
"1237",2021-06-19,1,0,0,0,0,0,0,0
"1238",2021-06-20,1,0,0,0,0,0,0,0
"1239",2021-06-21,1,0,0,0,0,0,0,0
"1240",2021-06-22,0,1,0,0,0,0,0,0
"1241",2021-06-23,0,1,0,0,0,0,0,0
"1242",2021-06-24,0,1,0,0,0,0,0,0
"1243",2021-06-25,0,1,0,0,0,0,0,0
"1244",2021-06-26,0,1,0,0,0,0,0,0
"1245",2021-06-27,0,1,0,0,0,0,0,0
"1246",2021-06-28,0,1,0,0,0,0,0,0
"1247",2021-06-29,0,0,1,0,0,0,0,0
"1248",2021-06-30,0,0,1,0,0,0,0,0
"1249",2021-07-01,0,0,1,0,0,0,0,0
"1250",2021-07-02,0,0,1,0,0,0,0,0
"1251",2021-07-03,0,0,1,0,0,0,0,0
"1252",2021-07-04,0,0,1,0,0,0,0,0
"1253",2021-07-05,0,0,1,0,0,0,0,0
"1254",2021-07-06,0,0,0,1,0,0,0,0
"1255",2021-07-07,0,0,0,1,0,0,0,0
"1256",2021-07-08,0,0,0,1,0,0,0,0
"1257",2021-07-09,0,0,0,1,0,0,0,0
"1258",2021-07-10,0,0,0,1,0,0,0,0
"1259",2021-07-11,0,0,0,1,0,0,0,0
"1260",2021-07-12,0,0,0,1,0,0,0,0
"1261",2021-07-13,0,0,0,0,1,0,0,0
"1262",2021-07-14,0,0,0,0,1,0,0,0
"1263",2021-07-15,0,0,0,0,1,0,0,0
"1264",2021-07-16,0,0,0,0,1,0,0,0
"1265",2021-07-17,0,0,0,0,1,0,0,0
"1266",2021-07-18,0,0,0,0,1,0,0,0
"1267",2021-07-19,0,0,0,0,1,0,0,0
"1268",2021-07-20,0,0,0,0,0,1,0,0
"1269",2021-07-21,0,0,0,0,0,1,0,0
"1270",2021-07-22,0,0,0,0,0,1,0,0
"1271",2021-07-23,0,0,0,0,0,1,0,0
"1272",2021-07-24,0,0,0,0,0,1,0,0
"1273",2021-07-25,0,0,0,0,0,1,0,0
"1274",2021-07-26,0,0,0,0,0,1,0,0
"1275",2021-07-27,1,0,0,0,0,0,0,0
"1276",2021-07-28,1,0,0,0,0,0,0,0
"1277",2021-07-29,1,0,0,0,0,0,0,0
"1278",2021-07-30,1,0,0,0,0,0,0,0
"1279",2021-07-31,1,0,0,0,0,0,0,0
"1280",2021-08-01,1,0,0,0,0,0,0,0
"1281",2021-08-02,1,0,0,0,0,0,0,0
"1282",2021-08-03,0,1,0,0,0,0,0,0
"1283",2021-08-04,0,1,0,0,0,0,0,0
"1284",2021-08-05,0,1,0,0,0,0,0,0
"1285",2021-08-06,0,1,0,0,0,0,0,0
"1286",2021-08-07,0,1,0,0,0,0,0,0
"1287",2021-08-08,0,1,0,0,0,0,0,0
"1288",2021-08-09,0,1,0,0,0,0,0,0
"1289",2021-08-10,0,0,1,0,0,0,0,0
"1290",2021-08-11,0,0,1,0,0,0,0,0
"1291",2021-08-12,0,0,1,0,0,0,0,0
"1292",2021-08-13,0,0,1,0,0,0,0,0
"1293",2021-08-14,0,0,1,0,0,0,0,0
"1294",2021-08-15,0,0,1,0,0,0,0,0
"1295",2021-08-16,0,0,1,0,0,0,0,0
"1296",2021-08-17,0,0,0,1,0,0,0,0
"1297",2021-08-18,0,0,0,1,0,0,0,0
"1298",2021-08-19,0,0,0,1,0,0,0,0
"1299",2021-08-20,0,0,0,1,0,0,0,0
"1300",2021-08-21,0,0,0,1,0,0,0,0
"1301",2021-08-22,0,0,0,1,0,0,0,0
"1302",2021-08-23,0,0,0,1,0,0,0,0
"1303",2021-08-24,0,0,0,0,1,0,0,0
"1304",2021-08-25,0,0,0,0,1,0,0,0
"1305",2021-08-26,0,0,0,0,1,0,0,0
"1306",2021-08-27,0,0,0,0,1,0,0,0
"1307",2021-08-28,0,0,0,0,1,0,0,0
"1308",2021-08-29,0,0,0,0,1,0,0,0
"1309",2021-08-30,0,0,0,0,1,0,0,0
"1310",2021-08-31,0,0,0,0,0,1,0,0
"1311",2021-09-01,0,0,0,0,0,1,0,0
"1312",2021-09-02,0,0,0,0,0,1,0,0
"1313",2021-09-03,0,0,0,0,0,1,0,0
"1314",2021-09-04,0,0,0,0,0,1,0,0
"1315",2021-09-05,0,0,0,0,0,1,0,0
"1316",2021-09-06,0,0,0,0,0,1,0,0
"1317",2021-09-07,0,0,0,0,0,0,1,0
"1318",2021-09-08,0,0,0,0,0,0,1,0
"1319",2021-09-09,0,0,0,0,0,0,1,0
"1320",2021-09-10,0,0,0,0,0,0,1,0
"1321",2021-09-11,0,0,0,0,0,0,1,0
"1322",2021-09-12,0,0,0,0,0,0,1,0
"1323",2021-09-13,0,0,0,0,0,0,1,0
"1324",2021-09-14,0,0,0,0,0,0,0,1
"1325",2021-09-15,0,0,0,0,0,0,0,1
"1326",2021-09-16,0,0,0,0,0,0,0,1
"1327",2021-09-17,0,0,0,0,0,0,0,1
"1328",2021-09-18,0,0,0,0,0,0,0,1
"1329",2021-09-19,0,0,0,0,0,0,0,1
"1330",2021-09-20,0,0,0,0,0,0,0,1
"1331",2021-09-21,1,0,0,0,0,0,0,0
"1332",2021-09-22,1,0,0,0,0,0,0,0
"1333",2021-09-23,1,0,0,0,0,0,0,0
"1334",2021-09-24,1,0,0,0,0,0,0,0
"1335",2021-09-25,1,0,0,0,0,0,0,0
"1336",2021-09-26,1,0,0,0,0,0,0,0
"1337",2021-09-27,1,0,0,0,0,0,0,0
"1338",2021-09-28,0,1,0,0,0,0,0,0
"1339",2021-09-29,0,1,0,0,0,0,0,0
"1340",2021-09-30,0,1,0,0,0,0,0,0
"1341",2021-10-01,0,1,0,0,0,0,0,0
"1342",2021-10-02,0,1,0,0,0,0,0,0
"1343",2021-10-03,0,1,0,0,0,0,0,0
"1344",2021-10-04,0,1,0,0,0,0,0,0
"1345",2021-10-05,0,0,1,0,0,0,0,0
"1346",2021-10-06,0,0,1,0,0,0,0,0
"1347",2021-10-07,0,0,1,0,0,0,0,0
"1348",2021-10-08,0,0,1,0,0,0,0,0
"1349",2021-10-09,0,0,1,0,0,0,0,0
"1350",2021-10-10,0,0,1,0,0,0,0,0
"1351",2021-10-11,0,0,1,0,0,0,0,0
"1352",2021-10-12,0,0,0,1,0,0,0,0
"1353",2021-10-13,0,0,0,1,0,0,0,0
"1354",2021-10-14,0,0,0,1,0,0,0,0
"1355",2021-10-15,0,0,0,1,0,0,0,0
"1356",2021-10-16,0,0,0,1,0,0,0,0
"1357",2021-10-17,0,0,0,1,0,0,0,0
"1358",2021-10-18,0,0,0,1,0,0,0,0
"1359",2021-10-19,0,0,0,0,1,0,0,0
"1360",2021-10-20,0,0,0,0,1,0,0,0
"1361",2021-10-21,0,0,0,0,1,0,0,0
"1362",2021-10-22,0,0,0,0,1,0,0,0
"1363",2021-10-23,0,0,0,0,1,0,0,0
"1364",2021-10-24,0,0,0,0,1,0,0,0
"1365",2021-10-25,0,0,0,0,1,0,0,0
"1366",2021-10-26,0,0,0,0,0,1,0,0
"1367",2021-10-27,0,0,0,0,0,1,0,0
"1368",2021-10-28,0,0,0,0,0,1,0,0
"1369",2021-10-29,0,0,0,0,0,1,0,0
"1370",2021-10-30,0,0,0,0,0,1,0,0
"1371",2021-10-31,0,0,0,0,0,1,0,0
"1372",2021-11-01,0,0,0,0,0,1,0,0
"1373",2021-11-02,1,0,0,0,0,0,0,0
"1374",2021-11-03,1,0,0,0,0,0,0,0
"1375",2021-11-04,1,0,0,0,0,0,0,0
"1376",2021-11-05,1,0,0,0,0,0,0,0
"1377",2021-11-06,1,0,0,0,0,0,0,0
"1378",2021-11-07,1,0,0,0,0,0,0,0
"1379",2021-11-08,1,0,0,0,0,0,0,0
"1380",2021-11-09,0,1,0,0,0,0,0,0
"1381",2021-11-10,0,1,0,0,0,0,0,0
"1382",2021-11-11,0,1,0,0,0,0,0,0
"1383",2021-11-12,0,1,0,0,0,0,0,0
"1384",2021-11-13,0,1,0,0,0,0,0,0
"1385",2021-11-14,0,1,0,0,0,0,0,0
"1386",2021-11-15,0,1,0,0,0,0,0,0
"1387",2021-11-16,0,0,1,0,0,0,0,0
"1388",2021-11-17,0,0,1,0,0,0,0,0
"1389",2021-11-18,0,0,1,0,0,0,0,0
"1390",2021-11-19,0,0,1,0,0,0,0,0
"1391",2021-11-20,0,0,1,0,0,0,0,0
"1392",2021-11-21,0,0,1,0,0,0,0,0
"1393",2021-11-22,0,0,1,0,0,0,0,0
"1394",2021-11-23,0,0,0,1,0,0,0,0
"1395",2021-11-24,0,0,0,1,0,0,0,0
"1396",2021-11-25,0,0,0,1,0,0,0,0
"1397",2021-11-26,0,0,0,1,0,0,0,0
"1398",2021-11-27,0,0,0,1,0,0,0,0
"1399",2021-11-28,0,0,0,1,0,0,0,0
"1400",2021-11-29,0,0,0,1,0,0,0,0
"1401",2021-11-30,0,0,0,0,1,0,0,0
"1402",2021-12-01,0,0,0,0,1,0,0,0
"1403",2021-12-02,0,0,0,0,1,0,0,0
"1404",2021-12-03,0,0,0,0,1,0,0,0
"1405",2021-12-04,0,0,0,0,1,0,0,0
"1406",2021-12-05,0,0,0,0,1,0,0,0
"1407",2021-12-06,0,0,0,0,1,0,0,0
"1408",2021-12-07,0,0,0,0,0,1,0,0
"1409",2021-12-08,0,0,0,0,0,1,0,0
"1410",2021-12-09,0,0,0,0,0,1,0,0
"1411",2021-12-10,0,0,0,0,0,1,0,0
"1412",2021-12-11,0,0,0,0,0,1,0,0
"1413",2021-12-12,0,0,0,0,0,1,0,0
"1414",2021-12-13,0,0,0,0,0,1,0,0
"1415",2021-12-14,1,0,0,0,0,0,0,0
"1416",2021-12-15,1,0,0,0,0,0,0,0
"1417",2021-12-16,1,0,0,0,0,0,0,0
"1418",2021-12-17,1,0,0,0,0,0,0,0
"1419",2021-12-18,1,0,0,0,0,0,0,0
"1420",2021-12-19,1,0,0,0,0,0,0,0
"1421",2021-12-20,1,0,0,0,0,0,0,0
"1422",2021-12-21,0,1,0,0,0,0,0,0
"1423",2021-12-22,0,1,0,0,0,0,0,0
"1424",2021-12-23,0,1,0,0,0,0,0,0
"1425",2021-12-24,0,1,0,0,0,0,0,0
"1426",2021-12-25,0,1,0,0,0,0,0,0
"1427",2021-12-26,0,1,0,0,0,0,0,0
"1428",2021-12-27,0,1,0,0,0,0,0,0
"1429",2021-12-28,0,0,1,0,0,0,0,0
"1430",2021-12-29,0,0,1,0,0,0,0,0
"1431",2021-12-30,0,0,1,0,0,0,0,0
"1432",2021-12-31,0,0,1,0,0,0,0,0
"1433",2022-01-01,0,0,1,0,0,0,0,0
"1434",2022-01-02,0,0,1,0,0,0,0,0
"1435",2022-01-03,0,0,1,0,0,0,0,0
"1436",2022-01-04,0,0,0,1,0,0,0,0
"1437",2022-01-05,0,0,0,1,0,0,0,0
"1438",2022-01-06,0,0,0,1,0,0,0,0
"1439",2022-01-07,0,0,0,1,0,0,0,0
"1440",2022-01-08,0,0,0,1,0,0,0,0
"1441",2022-01-09,0,0,0,1,0,0,0,0
"1442",2022-01-10,0,0,0,1,0,0,0,0
"1443",2022-01-11,0,0,0,0,1,0,0,0
"1444",2022-01-12,0,0,0,0,1,0,0,0
"1445",2022-01-13,0,0,0,0,1,0,0,0
"1446",2022-01-14,0,0,0,0,1,0,0,0
"1447",2022-01-15,0,0,0,0,1,0,0,0
"1448",2022-01-16,0,0,0,0,1,0,0,0
"1449",2022-01-17,0,0,0,0,1,0,0,0
"1450",2022-01-18,0,0,0,0,0,1,0,0
"1451",2022-01-19,0,0,0,0,0,1,0,0
"1452",2022-01-20,0,0,0,0,0,1,0,0
"1453",2022-01-21,0,0,0,0,0,1,0,0
"1454",2022-01-22,0,0,0,0,0,1,0,0
"1455",2022-01-23,0,0,0,0,0,1,0,0
"1456",2022-01-24,0,0,0,0,0,1,0,0
"1457",2022-01-25,1,0,0,0,0,0,0,0
"1458",2022-01-26,1,0,0,0,0,0,0,0
"1459",2022-01-27,1,0,0,0,0,0,0,0
"1460",2022-01-28,1,0,0,0,0,0,0,0
"1461",2022-01-29,1,0,0,0,0,0,0,0
"1462",2022-01-30,1,0,0,0,0,0,0,0
"1463",2022-01-31,1,0,0,0,0,0,0,0
"1464",2022-02-01,0,1,0,0,0,0,0,0
"1465",2022-02-02,0,1,0,0,0,0,0,0
"1466",2022-02-03,0,1,0,0,0,0,0,0
"1467",2022-02-04,0,1,0,0,0,0,0,0
"1468",2022-02-05,0,1,0,0,0,0,0,0
"1469",2022-02-06,0,1,0,0,0,0,0,0
"1470",2022-02-07,0,1,0,0,0,0,0,0
"1471",2022-02-08,0,0,1,0,0,0,0,0
"1472",2022-02-09,0,0,1,0,0,0,0,0
"1473",2022-02-10,0,0,1,0,0,0,0,0
"1474",2022-02-11,0,0,1,0,0,0,0,0
"1475",2022-02-12,0,0,1,0,0,0,0,0
"1476",2022-02-13,0,0,1,0,0,0,0,0
"1477",2022-02-14,0,0,1,0,0,0,0,0
"1478",2022-02-15,0,0,0,1,0,0,0,0
"1479",2022-02-16,0,0,0,1,0,0,0,0
"1480",2022-02-17,0,0,0,1,0,0,0,0
"1481",2022-02-18,0,0,0,1,0,0,0,0
"1482",2022-02-19,0,0,0,1,0,0,0,0
"1483",2022-02-20,0,0,0,1,0,0,0,0
"1484",2022-02-21,0,0,0,1,0,0,0,0
"1485",2022-02-22,0,0,0,0,1,0,0,0
"1486",2022-02-23,0,0,0,0,1,0,0,0
"1487",2022-02-24,0,0,0,0,1,0,0,0
"1488",2022-02-25,0,0,0,0,1,0,0,0
"1489",2022-02-26,0,0,0,0,1,0,0,0
"1490",2022-02-27,0,0,0,0,1,0,0,0
"1491",2022-02-28,0,0,0,0,1,0,0,0
"1492",2022-03-01,0,0,0,0,0,1,0,0
"1493",2022-03-02,0,0,0,0,0,1,0,0
"1494",2022-03-03,0,0,0,0,0,1,0,0
"1495",2022-03-04,0,0,0,0,0,1,0,0
"1496",2022-03-05,0,0,0,0,0,1,0,0
"1497",2022-03-06,0,0,0,0,0,1,0,0
"1498",2022-03-07,0,0,0,0,0,1,0,0
"1499",2022-03-08,0,0,0,0,0,0,1,0
"1500",2022-03-09,0,0,0,0,0,0,1,0
"1501",2022-03-10,0,0,0,0,0,0,1,0
"1502",2022-03-11,0,0,0,0,0,0,1,0
"1503",2022-03-12,0,0,0,0,0,0,1,0
"1504",2022-03-13,0,0,0,0,0,0,1,0
"1505",2022-03-14,0,0,0,0,0,0,1,0
"1506",2022-03-15,1,0,0,0,0,0,0,0
"1507",2022-03-16,1,0,0,0,0,0,0,0
"1508",2022-03-17,1,0,0,0,0,0,0,0
"1509",2022-03-18,1,0,0,0,0,0,0,0
"1510",2022-03-19,1,0,0,0,0,0,0,0
"1511",2022-03-20,1,0,0,0,0,0,0,0
"1512",2022-03-21,1,0,0,0,0,0,0,0
"1513",2022-03-22,0,1,0,0,0,0,0,0
"1514",2022-03-23,0,1,0,0,0,0,0,0
"1515",2022-03-24,0,1,0,0,0,0,0,0
"1516",2022-03-25,0,1,0,0,0,0,0,0
"1517",2022-03-26,0,1,0,0,0,0,0,0
"1518",2022-03-27,0,1,0,0,0,0,0,0
"1519",2022-03-28,0,1,0,0,0,0,0,0
"1520",2022-03-29,0,0,1,0,0,0,0,0
"1521",2022-03-30,0,0,1,0,0,0,0,0
"1522",2022-03-31,0,0,1,0,0,0,0,0
"1523",2022-04-01,0,0,1,0,0,0,0,0
"1524",2022-04-02,0,0,1,0,0,0,0,0
"1525",2022-04-03,0,0,1,0,0,0,0,0
"1526",2022-04-04,0,0,1,0,0,0,0,0
"1527",2022-04-05,0,0,0,1,0,0,0,0
"1528",2022-04-06,0,0,0,1,0,0,0,0
"1529",2022-04-07,0,0,0,1,0,0,0,0
"1530",2022-04-08,0,0,0,1,0,0,0,0
"1531",2022-04-09,0,0,0,1,0,0,0,0
"1532",2022-04-10,0,0,0,1,0,0,0,0
"1533",2022-04-11,0,0,0,1,0,0,0,0
"1534",2022-04-12,0,0,0,0,1,0,0,0
"1535",2022-04-13,0,0,0,0,1,0,0,0
"1536",2022-04-14,0,0,0,0,1,0,0,0
"1537",2022-04-15,0,0,0,0,1,0,0,0
"1538",2022-04-16,0,0,0,0,1,0,0,0
"1539",2022-04-17,0,0,0,0,1,0,0,0
"1540",2022-04-18,0,0,0,0,1,0,0,0
"1541",2022-04-19,0,0,0,0,0,1,0,0
"1542",2022-04-20,0,0,0,0,0,1,0,0
"1543",2022-04-21,0,0,0,0,0,1,0,0
"1544",2022-04-22,0,0,0,0,0,1,0,0
"1545",2022-04-23,0,0,0,0,0,1,0,0
"1546",2022-04-24,0,0,0,0,0,1,0,0
"1547",2022-04-25,0,0,0,0,0,1,0,0
"1548",2022-04-26,0,0,0,0,0,0,1,0
"1549",2022-04-27,0,0,0,0,0,0,1,0
"1550",2022-04-28,0,0,0,0,0,0,1,0
"1551",2022-04-29,0,0,0,0,0,0,1,0
"1552",2022-04-30,0,0,0,0,0,0,1,0
"1553",2022-05-01,0,0,0,0,0,0,1,0
"1554",2022-05-02,0,0,0,0,0,0,1,0
"1555",2022-05-03,1,0,0,0,0,0,0,0
"1556",2022-05-04,1,0,0,0,0,0,0,0
"1557",2022-05-05,1,0,0,0,0,0,0,0
"1558",2022-05-06,1,0,0,0,0,0,0,0
"1559",2022-05-07,1,0,0,0,0,0,0,0
"1560",2022-05-08,1,0,0,0,0,0,0,0
"1561",2022-05-09,1,0,0,0,0,0,0,0
"1562",2022-05-10,0,1,0,0,0,0,0,0
"1563",2022-05-11,0,1,0,0,0,0,0,0
"1564",2022-05-12,0,1,0,0,0,0,0,0
"1565",2022-05-13,0,1,0,0,0,0,0,0
"1566",2022-05-14,0,1,0,0,0,0,0,0
"1567",2022-05-15,0,1,0,0,0,0,0,0
"1568",2022-05-16,0,1,0,0,0,0,0,0
"1569",2022-05-17,0,0,1,0,0,0,0,0
"1570",2022-05-18,0,0,1,0,0,0,0,0
"1571",2022-05-19,0,0,1,0,0,0,0,0
"1572",2022-05-20,0,0,1,0,0,0,0,0
"1573",2022-05-21,0,0,1,0,0,0,0,0
"1574",2022-05-22,0,0,1,0,0,0,0,0
"1575",2022-05-23,0,0,1,0,0,0,0,0
"1576",2022-05-24,0,0,0,1,0,0,0,0
"1577",2022-05-25,0,0,0,1,0,0,0,0
"1578",2022-05-26,0,0,0,1,0,0,0,0
"1579",2022-05-27,0,0,0,1,0,0,0,0
"1580",2022-05-28,0,0,0,1,0,0,0,0
"1581",2022-05-29,0,0,0,1,0,0,0,0
"1582",2022-05-30,0,0,0,1,0,0,0,0
"1583",2022-05-31,0,0,0,0,1,0,0,0
"1584",2022-06-01,0,0,0,0,1,0,0,0
"1585",2022-06-02,0,0,0,0,1,0,0,0
"1586",2022-06-03,0,0,0,0,1,0,0,0
"1587",2022-06-04,0,0,0,0,1,0,0,0
"1588",2022-06-05,0,0,0,0,1,0,0,0
"1589",2022-06-06,0,0,0,0,1,0,0,0
"1590",2022-06-07,0,0,0,0,0,1,0,0
"1591",2022-06-08,0,0,0,0,0,1,0,0
"1592",2022-06-09,0,0,0,0,0,1,0,0
"1593",2022-06-10,0,0,0,0,0,1,0,0
"1594",2022-06-11,0,0,0,0,0,1,0,0
"1595",2022-06-12,0,0,0,0,0,1,0,0
"1596",2022-06-13,0,0,0,0,0,1,0,0
"1597",2022-06-14,1,0,0,0,0,0,0,0
"1598",2022-06-15,1,0,0,0,0,0,0,0
"1599",2022-06-16,1,0,0,0,0,0,0,0
"1600",2022-06-17,1,0,0,0,0,0,0,0
"1601",2022-06-18,1,0,0,0,0,0,0,0
"1602",2022-06-19,1,0,0,0,0,0,0,0
"1603",2022-06-20,1,0,0,0,0,0,0,0
"1604",2022-06-21,0,1,0,0,0,0,0,0
"1605",2022-06-22,0,1,0,0,0,0,0,0
"1606",2022-06-23,0,1,0,0,0,0,0,0
"1607",2022-06-24,0,1,0,0,0,0,0,0
"1608",2022-06-25,0,1,0,0,0,0,0,0
"1609",2022-06-26,0,1,0,0,0,0,0,0
"1610",2022-06-27,0,1,0,0,0,0,0,0
"1611",2022-06-28,0,0,1,0,0,0,0,0
"1612",2022-06-29,0,0,1,0,0,0,0,0
"1613",2022-06-30,0,0,1,0,0,0,0,0
"1614",2022-07-01,0,0,1,0,0,0,0,0
"1615",2022-07-02,0,0,1,0,0,0,0,0
"1616",2022-07-03,0,0,1,0,0,0,0,0
"1617",2022-07-04,0,0,1,0,0,0,0,0
"1618",2022-07-05,0,0,0,1,0,0,0,0
"1619",2022-07-06,0,0,0,1,0,0,0,0
"1620",2022-07-07,0,0,0,1,0,0,0,0
"1621",2022-07-08,0,0,0,1,0,0,0,0
"1622",2022-07-09,0,0,0,1,0,0,0,0
"1623",2022-07-10,0,0,0,1,0,0,0,0
"1624",2022-07-11,0,0,0,1,0,0,0,0
"1625",2022-07-12,0,0,0,0,1,0,0,0
"1626",2022-07-13,0,0,0,0,1,0,0,0
"1627",2022-07-14,0,0,0,0,1,0,0,0
"1628",2022-07-15,0,0,0,0,1,0,0,0
"1629",2022-07-16,0,0,0,0,1,0,0,0
"1630",2022-07-17,0,0,0,0,1,0,0,0
"1631",2022-07-18,0,0,0,0,1,0,0,0
"1632",2022-07-19,0,0,0,0,0,1,0,0
"1633",2022-07-20,0,0,0,0,0,1,0,0
"1634",2022-07-21,0,0,0,0,0,1,0,0
"1635",2022-07-22,0,0,0,0,0,1,0,0
"1636",2022-07-23,0,0,0,0,0,1,0,0
"1637",2022-07-24,0,0,0,0,0,1,0,0
"1638",2022-07-25,0,0,0,0,0,1,0,0
"1639",2022-07-26,1,0,0,0,0,0,0,0
"1640",2022-07-27,1,0,0,0,0,0,0,0
"1641",2022-07-28,1,0,0,0,0,0,0,0
"1642",2022-07-29,1,0,0,0,0,0,0,0
"1643",2022-07-30,1,0,0,0,0,0,0,0
"1644",2022-07-31,1,0,0,0,0,0,0,0
"1645",2022-08-01,1,0,0,0,0,0,0,0
"1646",2022-08-02,0,1,0,0,0,0,0,0
"1647",2022-08-03,0,1,0,0,0,0,0,0
"1648",2022-08-04,0,1,0,0,0,0,0,0
"1649",2022-08-05,0,1,0,0,0,0,0,0
"1650",2022-08-06,0,1,0,0,0,0,0,0
"1651",2022-08-07,0,1,0,0,0,0,0,0
"1652",2022-08-08,0,1,0,0,0,0,0,0
"1653",2022-08-09,0,0,1,0,0,0,0,0
"1654",2022-08-10,0,0,1,0,0,0,0,0
"1655",2022-08-11,0,0,1,0,0,0,0,0
"1656",2022-08-12,0,0,1,0,0,0,0,0
"1657",2022-08-13,0,0,1,0,0,0,0,0
"1658",2022-08-14,0,0,1,0,0,0,0,0
"1659",2022-08-15,0,0,1,0,0,0,0,0
"1660",2022-08-16,0,0,0,1,0,0,0,0
"1661",2022-08-17,0,0,0,1,0,0,0,0
"1662",2022-08-18,0,0,0,1,0,0,0,0
"1663",2022-08-19,0,0,0,1,0,0,0,0
"1664",2022-08-20,0,0,0,1,0,0,0,0
"1665",2022-08-21,0,0,0,1,0,0,0,0
"1666",2022-08-22,0,0,0,1,0,0,0,0
"1667",2022-08-23,0,0,0,0,1,0,0,0
"1668",2022-08-24,0,0,0,0,1,0,0,0
"1669",2022-08-25,0,0,0,0,1,0,0,0
"1670",2022-08-26,0,0,0,0,1,0,0,0
"1671",2022-08-27,0,0,0,0,1,0,0,0
"1672",2022-08-28,0,0,0,0,1,0,0,0
"1673",2022-08-29,0,0,0,0,1,0,0,0
"1674",2022-08-30,0,0,0,0,0,1,0,0
"1675",2022-08-31,0,0,0,0,0,1,0,0
"1676",2022-09-01,0,0,0,0,0,1,0,0
"1677",2022-09-02,0,0,0,0,0,1,0,0
"1678",2022-09-03,0,0,0,0,0,1,0,0
"1679",2022-09-04,0,0,0,0,0,1,0,0
"1680",2022-09-05,0,0,0,0,0,1,0,0
"1681",2022-09-06,0,0,0,0,0,0,1,0
"1682",2022-09-07,0,0,0,0,0,0,1,0
"1683",2022-09-08,0,0,0,0,0,0,1,0
"1684",2022-09-09,0,0,0,0,0,0,1,0
"1685",2022-09-10,0,0,0,0,0,0,1,0
"1686",2022-09-11,0,0,0,0,0,0,1,0
"1687",2022-09-12,0,0,0,0,0,0,1,0
"1688",2022-09-13,0,0,0,0,0,0,0,1
"1689",2022-09-14,0,0,0,0,0,0,0,1
"1690",2022-09-15,0,0,0,0,0,0,0,1
"1691",2022-09-16,0,0,0,0,0,0,0,1
"1692",2022-09-17,0,0,0,0,0,0,0,1
"1693",2022-09-18,0,0,0,0,0,0,0,1
"1694",2022-09-19,0,0,0,0,0,0,0,1
"1695",2022-09-20,1,0,0,0,0,0,0,0
"1696",2022-09-21,1,0,0,0,0,0,0,0
"1697",2022-09-22,1,0,0,0,0,0,0,0
"1698",2022-09-23,1,0,0,0,0,0,0,0
"1699",2022-09-24,1,0,0,0,0,0,0,0
"1700",2022-09-25,1,0,0,0,0,0,0,0
"1701",2022-09-26,1,0,0,0,0,0,0,0
"1702",2022-09-27,0,1,0,0,0,0,0,0
"1703",2022-09-28,0,1,0,0,0,0,0,0
"1704",2022-09-29,0,1,0,0,0,0,0,0
"1705",2022-09-30,0,1,0,0,0,0,0,0
"1706",2022-10-01,0,1,0,0,0,0,0,0
"1707",2022-10-02,0,1,0,0,0,0,0,0
"1708",2022-10-03,0,1,0,0,0,0,0,0
"1709",2022-10-04,0,0,1,0,0,0,0,0
"1710",2022-10-05,0,0,1,0,0,0,0,0
"1711",2022-10-06,0,0,1,0,0,0,0,0
"1712",2022-10-07,0,0,1,0,0,0,0,0
"1713",2022-10-08,0,0,1,0,0,0,0,0
"1714",2022-10-09,0,0,1,0,0,0,0,0
"1715",2022-10-10,0,0,1,0,0,0,0,0
"1716",2022-10-11,0,0,0,1,0,0,0,0
"1717",2022-10-12,0,0,0,1,0,0,0,0
"1718",2022-10-13,0,0,0,1,0,0,0,0
"1719",2022-10-14,0,0,0,1,0,0,0,0
"1720",2022-10-15,0,0,0,1,0,0,0,0
"1721",2022-10-16,0,0,0,1,0,0,0,0
"1722",2022-10-17,0,0,0,1,0,0,0,0
"1723",2022-10-18,0,0,0,0,1,0,0,0
"1724",2022-10-19,0,0,0,0,1,0,0,0
"1725",2022-10-20,0,0,0,0,1,0,0,0
"1726",2022-10-21,0,0,0,0,1,0,0,0
"1727",2022-10-22,0,0,0,0,1,0,0,0
"1728",2022-10-23,0,0,0,0,1,0,0,0
"1729",2022-10-24,0,0,0,0,1,0,0,0
"1730",2022-10-25,0,0,0,0,0,1,0,0
"1731",2022-10-26,0,0,0,0,0,1,0,0
"1732",2022-10-27,0,0,0,0,0,1,0,0
"1733",2022-10-28,0,0,0,0,0,1,0,0
"1734",2022-10-29,0,0,0,0,0,1,0,0
"1735",2022-10-30,0,0,0,0,0,1,0,0
"1736",2022-10-31,0,0,0,0,0,1,0,0
"1737",2022-11-01,1,0,0,0,0,0,0,0
"1738",2022-11-02,1,0,0,0,0,0,0,0
"1739",2022-11-03,1,0,0,0,0,0,0,0
"1740",2022-11-04,1,0,0,0,0,0,0,0
"1741",2022-11-05,1,0,0,0,0,0,0,0
"1742",2022-11-06,1,0,0,0,0,0,0,0
"1743",2022-11-07,1,0,0,0,0,0,0,0
"1744",2022-11-08,0,1,0,0,0,0,0,0
"1745",2022-11-09,0,1,0,0,0,0,0,0
"1746",2022-11-10,0,1,0,0,0,0,0,0
"1747",2022-11-11,0,1,0,0,0,0,0,0
"1748",2022-11-12,0,1,0,0,0,0,0,0
"1749",2022-11-13,0,1,0,0,0,0,0,0
"1750",2022-11-14,0,1,0,0,0,0,0,0
"1751",2022-11-15,0,0,1,0,0,0,0,0
"1752",2022-11-16,0,0,1,0,0,0,0,0
"1753",2022-11-17,0,0,1,0,0,0,0,0
"1754",2022-11-18,0,0,1,0,0,0,0,0
"1755",2022-11-19,0,0,1,0,0,0,0,0
"1756",2022-11-20,0,0,1,0,0,0,0,0
"1757",2022-11-21,0,0,1,0,0,0,0,0
"1758",2022-11-22,0,0,0,1,0,0,0,0
"1759",2022-11-23,0,0,0,1,0,0,0,0
"1760",2022-11-24,0,0,0,1,0,0,0,0
"1761",2022-11-25,0,0,0,1,0,0,0,0
"1762",2022-11-26,0,0,0,1,0,0,0,0
"1763",2022-11-27,0,0,0,1,0,0,0,0
"1764",2022-11-28,0,0,0,1,0,0,0,0
"1765",2022-11-29,0,0,0,0,1,0,0,0
"1766",2022-11-30,0,0,0,0,1,0,0,0
"1767",2022-12-01,0,0,0,0,1,0,0,0
"1768",2022-12-02,0,0,0,0,1,0,0,0
"1769",2022-12-03,0,0,0,0,1,0,0,0
"1770",2022-12-04,0,0,0,0,1,0,0,0
"1771",2022-12-05,0,0,0,0,1,0,0,0
"1772",2022-12-06,0,0,0,0,0,1,0,0
"1773",2022-12-07,0,0,0,0,0,1,0,0
"1774",2022-12-08,0,0,0,0,0,1,0,0
"1775",2022-12-09,0,0,0,0,0,1,0,0
"1776",2022-12-10,0,0,0,0,0,1,0,0
"1777",2022-12-11,0,0,0,0,0,1,0,0
"1778",2022-12-12,0,0,0,0,0,1,0,0
"1779",2022-12-13,1,0,0,0,0,0,0,0
"1780",2022-12-14,1,0,0,0,0,0,0,0
"1781",2022-12-15,1,0,0,0,0,0,0,0
"1782",2022-12-16,1,0,0,0,0,0,0,0
"1783",2022-12-17,1,0,0,0,0,0,0,0
"1784",2022-12-18,1,0,0,0,0,0,0,0
"1785",2022-12-19,1,0,0,0,0,0,0,0
"1786",2022-12-20,0,1,0,0,0,0,0,0
"1787",2022-12-21,0,1,0,0,0,0,0,0
"1788",2022-12-22,0,1,0,0,0,0,0,0
"1789",2022-12-23,0,1,0,0,0,0,0,0
"1790",2022-12-24,0,1,0,0,0,0,0,0
"1791",2022-12-25,0,1,0,0,0,0,0,0
"1792",2022-12-26,0,1,0,0,0,0,0,0
"1793",2022-12-27,0,0,1,0,0,0,0,0
"1794",2022-12-28,0,0,1,0,0,0,0,0
"1795",2022-12-29,0,0,1,0,0,0,0,0
"1796",2022-12-30,0,0,1,0,0,0,0,0
"1797",2022-12-31,0,0,1,0,0,0,0,0
"1798",2023-01-01,0,0,1,0,0,0,0,0
"1799",2023-01-02,0,0,1,0,0,0,0,0
"1800",2023-01-03,0,0,0,1,0,0,0,0
"1801",2023-01-04,0,0,0,1,0,0,0,0
"1802",2023-01-05,0,0,0,1,0,0,0,0
"1803",2023-01-06,0,0,0,1,0,0,0,0
"1804",2023-01-07,0,0,0,1,0,0,0,0
"1805",2023-01-08,0,0,0,1,0,0,0,0
"1806",2023-01-09,0,0,0,1,0,0,0,0
"1807",2023-01-10,0,0,0,0,1,0,0,0
"1808",2023-01-11,0,0,0,0,1,0,0,0
"1809",2023-01-12,0,0,0,0,1,0,0,0
"1810",2023-01-13,0,0,0,0,1,0,0,0
"1811",2023-01-14,0,0,0,0,1,0,0,0
"1812",2023-01-15,0,0,0,0,1,0,0,0
"1813",2023-01-16,0,0,0,0,1,0,0,0
"1814",2023-01-17,0,0,0,0,0,1,0,0
"1815",2023-01-18,0,0,0,0,0,1,0,0
"1816",2023-01-19,0,0,0,0,0,1,0,0
"1817",2023-01-20,0,0,0,0,0,1,0,0
"1818",2023-01-21,0,0,0,0,0,1,0,0
"1819",2023-01-22,0,0,0,0,0,1,0,0
"1820",2023-01-23,0,0,0,0,0,1,0,0
"1821",2023-01-24,0,0,0,0,0,0,1,0
"1822",2023-01-25,0,0,0,0,0,0,1,0
"1823",2023-01-26,0,0,0,0,0,0,1,0
"1824",2023-01-27,0,0,0,0,0,0,1,0
"1825",2023-01-28,0,0,0,0,0,0,1,0
"1826",2023-01-29,0,0,0,0,0,0,1,0
"1827",2023-01-30,0,0,0,0,0,0,1,0
"1828",2023-01-31,1,0,0,0,0,0,0,0
"1829",2023-02-01,1,0,0,0,0,0,0,0
"1830",2023-02-02,1,0,0,0,0,0,0,0
"1831",2023-02-03,1,0,0,0,0,0,0,0
"1832",2023-02-04,1,0,0,0,0,0,0,0
"1833",2023-02-05,1,0,0,0,0,0,0,0
"1834",2023-02-06,1,0,0,0,0,0,0,0
"1835",2023-02-07,0,1,0,0,0,0,0,0
"1836",2023-02-08,0,1,0,0,0,0,0,0
"1837",2023-02-09,0,1,0,0,0,0,0,0
"1838",2023-02-10,0,1,0,0,0,0,0,0
"1839",2023-02-11,0,1,0,0,0,0,0,0
"1840",2023-02-12,0,1,0,0,0,0,0,0
"1841",2023-02-13,0,1,0,0,0,0,0,0
"1842",2023-02-14,0,0,1,0,0,0,0,0
"1843",2023-02-15,0,0,1,0,0,0,0,0
"1844",2023-02-16,0,0,1,0,0,0,0,0
"1845",2023-02-17,0,0,1,0,0,0,0,0
"1846",2023-02-18,0,0,1,0,0,0,0,0
"1847",2023-02-19,0,0,1,0,0,0,0,0
"1848",2023-02-20,0,0,1,0,0,0,0,0
"1849",2023-02-21,0,0,0,1,0,0,0,0
"1850",2023-02-22,0,0,0,1,0,0,0,0
"1851",2023-02-23,0,0,0,1,0,0,0,0
"1852",2023-02-24,0,0,0,1,0,0,0,0
"1853",2023-02-25,0,0,0,1,0,0,0,0
"1854",2023-02-26,0,0,0,1,0,0,0,0
"1855",2023-02-27,0,0,0,1,0,0,0,0
"1856",2023-02-28,0,0,0,0,1,0,0,0
"1857",2023-03-01,0,0,0,0,1,0,0,0
"1858",2023-03-02,0,0,0,0,1,0,0,0
"1859",2023-03-03,0,0,0,0,1,0,0,0
"1860",2023-03-04,0,0,0,0,1,0,0,0
"1861",2023-03-05,0,0,0,0,1,0,0,0
"1862",2023-03-06,0,0,0,0,1,0,0,0
"1863",2023-03-07,0,0,0,0,0,1,0,0
"1864",2023-03-08,0,0,0,0,0,1,0,0
"1865",2023-03-09,0,0,0,0,0,1,0,0
"1866",2023-03-10,0,0,0,0,0,1,0,0
"1867",2023-03-11,0,0,0,0,0,1,0,0
"1868",2023-03-12,0,0,0,0,0,1,0,0
"1869",2023-03-13,0,0,0,0,0,1,0,0
"1870",2023-03-14,0,0,0,0,0,0,1,0
"1871",2023-03-15,0,0,0,0,0,0,1,0
"1872",2023-03-16,0,0,0,0,0,0,1,0
"1873",2023-03-17,0,0,0,0,0,0,1,0
"1874",2023-03-18,0,0,0,0,0,0,1,0
"1875",2023-03-19,0,0,0,0,0,0,1,0
"1876",2023-03-20,0,0,0,0,0,0,1,0
