"date","sp500","sp500_d1","sp500_d2_test"
2018-01-30,2822.43,1.38,-3.21
2018-01-31,2823.81,-1.83,-58.02
2018-02-01,2821.98,-59.85,-53.34
2018-02-02,2762.13,-113.19,159.39
2018-02-05,2648.94,46.2,-59.68
2018-02-06,2695.14,-13.48,-87.18
2018-02-07,2681.66,-100.66,139.21
2018-02-08,2581,38.55,-2.1
2018-02-09,2619.55,36.45,-29.51
2018-02-12,2656,6.94,28.75
2018-02-13,2662.94,35.69,-3.12
2018-02-14,2698.63,32.57,-31.55
2018-02-15,2731.2,1.02,-16.98
2018-02-16,2732.22,-15.96,1.03
2018-02-20,2716.26,-14.93,17.56
2018-02-21,2701.33,2.63,40.71
2018-02-22,2703.96,43.34,-11.04
2018-02-23,2747.3,32.3,-67.62
2018-02-26,2779.6,-35.32,4.87
2018-02-27,2744.28,-30.45,-5.71
2018-02-28,2713.83,-36.16,49.74
2018-03-01,2677.67,13.58,16.11
2018-03-02,2691.25,29.69,-22.51
2018-03-05,2720.94,7.18,-8.5
2018-03-06,2728.12,-1.32,13.49
2018-03-07,2726.8,12.17,35.43
2018-03-08,2738.97,47.6,-51.15
2018-03-09,2786.57,-3.55,-14.16
2018-03-12,2783.02,-17.71,1.88
2018-03-13,2765.31,-15.83,13.68
2018-03-14,2749.48,-2.15,6.83
2018-03-15,2747.33,4.68,-43.77
2018-03-16,2752.01,-39.09,43.11
2018-03-19,2712.92,4.02,-9.03
2018-03-20,2716.94,-5.01,-63.23
2018-03-21,2711.93,-68.24,12.81
2018-03-22,2643.69,-55.43,125.72
2018-03-23,2588.26,70.29,-116.22
2018-03-26,2658.55,-45.93,38.31
2018-03-27,2612.62,-7.62,43.49
2018-03-28,2605,35.87,-94.86
2018-03-29,2640.87,-58.99,91.56
2018-04-02,2581.88,32.57,-2.33
2018-04-03,2614.45,30.24,-12.09
2018-04-04,2644.69,18.15,-76.52
2018-04-05,2662.84,-58.37,67.06
2018-04-06,2604.47,8.69,35.02
2018-04-09,2613.16,43.71,-58.39
2018-04-10,2656.87,-14.68,36.48
2018-04-11,2642.19,21.8,-29.49
2018-04-12,2663.99,-7.69,29.23
2018-04-13,2656.3,21.54,7.01
2018-04-16,2677.84,28.55,-26.3
2018-04-17,2706.39,2.25,-17.76
2018-04-18,2708.64,-15.51,-7.48
2018-04-19,2693.13,-22.99,23.14
2018-04-20,2670.14,0.15,-35.88
2018-04-23,2670.29,-35.73,40.57
2018-04-24,2634.56,4.84,22.7
2018-04-25,2639.4,27.54,-24.57
2018-04-26,2666.94,2.97,-24.83
2018-04-27,2669.91,-21.86,28.61
2018-04-30,2648.05,6.75,-25.88
2018-05-01,2654.8,-19.13,13.19
2018-05-02,2635.67,-5.94,39.63
2018-05-03,2629.73,33.69,-24.48
2018-05-04,2663.42,9.21,-9.92
2018-05-07,2672.63,-0.71,26.58
2018-05-08,2671.92,25.87,-0.59
2018-05-09,2697.79,25.28,-20.63
2018-05-10,2723.07,4.65,-2.24
2018-05-11,2727.72,2.41,-21.09
2018-05-14,2730.13,-18.68,29.69
2018-05-15,2711.45,11.01,-13.34
2018-05-16,2722.46,-2.33,-4.83
2018-05-17,2720.13,-7.16,27.2
2018-05-18,2712.97,20.04,-28.61
2018-05-21,2733.01,-8.57,17.42
2018-05-22,2724.44,8.85,-14.38
2018-05-23,2733.29,-5.53,-0.9
2018-05-24,2727.76,-6.43,-25.04
2018-05-25,2721.33,-31.47,65.62
2018-05-29,2689.86,34.15,-52.89
2018-05-30,2724.01,-18.74,48.09
2018-05-31,2705.27,29.35,-17.1
2018-06-01,2734.62,12.25,-10.32
2018-06-04,2746.87,1.93,21.62
2018-06-05,2748.8,23.55,-25.53
2018-06-06,2772.35,-1.98,10.64
2018-06-07,2770.37,8.66,-5.69
2018-06-08,2779.03,2.97,1.88
2018-06-11,2782,4.85,-16.07
2018-06-12,2786.85,-11.22,18.08
2018-06-13,2775.63,6.86,-9.69
2018-06-14,2782.49,-2.83,-3.08
2018-06-15,2779.66,-5.91,-5.25
2018-06-18,2773.75,-11.16,15.89
2018-06-19,2762.59,4.73,-22.29
2018-06-20,2767.32,-17.56,22.68
2018-06-21,2749.76,5.12,-42.93
2018-06-22,2754.88,-37.81,43.8
2018-06-25,2717.07,5.99,-29.42
2018-06-26,2723.06,-23.43,40.11
2018-06-27,2699.63,16.68,-14.62
2018-06-28,2716.31,2.06,6.28
2018-06-29,2718.37,8.34,-21.83
2018-07-02,2726.71,-13.49,36.88
2018-07-03,2713.22,23.39,-0.18
2018-07-05,2736.61,23.21,1.14
2018-07-06,2759.82,24.35,-14.68
2018-07-09,2784.17,9.67,-29.49
2018-07-10,2793.84,-19.82,44.09
2018-07-11,2774.02,24.27,-21.25
2018-07-12,2798.29,3.02,-5.9
2018-07-13,2801.31,-2.88,14
2018-07-16,2798.43,11.12,-5.05
2018-07-17,2809.55,6.07,-17.2
2018-07-18,2815.62,-11.13,8.47
2018-07-19,2804.49,-2.66,7.81
2018-07-20,2801.83,5.15,8.27
2018-07-23,2806.98,13.42,12.25
2018-07-24,2820.4,25.67,-34.3
2018-07-25,2846.07,-8.63,-9.99
2018-07-26,2837.44,-18.62,2.4
2018-07-27,2818.82,-16.22,29.91
2018-07-30,2802.6,13.69,-16.62
2018-07-31,2816.29,-2.93,16.79
2018-08-01,2813.36,13.86,-0.73
2018-08-02,2827.22,13.13,-3.08
2018-08-03,2840.35,10.05,-2
2018-08-06,2850.4,8.05,-8.8
2018-08-07,2858.45,-0.75,-3.37
2018-08-08,2857.7,-4.12,-16.18
2018-08-09,2853.58,-20.3,8.95
2018-08-10,2833.28,-11.35,29.38
2018-08-13,2821.93,18.03,-39.62
2018-08-14,2839.96,-21.59,43.91
2018-08-15,2818.37,22.32,-12.88
2018-08-16,2840.69,9.44,-2.52
2018-08-17,2850.13,6.92,-1.01
2018-08-20,2857.05,5.91,-7.05
2018-08-21,2862.96,-1.14,-3.7
2018-08-22,2861.82,-4.84,22.55
2018-08-23,2856.98,17.71,4.34
2018-08-24,2874.69,22.05,-21.27
2018-08-27,2896.74,0.78,15.74
2018-08-28,2897.52,16.52,-29.43
2018-08-29,2914.04,-12.91,13.3
2018-08-30,2901.13,0.39,-5.19
2018-08-31,2901.52,-4.8,-3.32
2018-09-04,2896.72,-8.12,-2.43
2018-09-05,2888.6,-10.55,4.18
2018-09-06,2878.05,-6.37,11.82
2018-09-07,2871.68,5.45,5.31
2018-09-10,2877.13,10.76,-9.73
2018-09-11,2887.89,1.03,14.23
2018-09-12,2888.92,15.26,-14.46
2018-09-13,2904.18,0.8,-16.98
2018-09-14,2904.98,-16.18,31.69
2018-09-17,2888.8,15.51,-11.87
2018-09-18,2904.31,3.64,19.16
2018-09-19,2907.95,22.8,-23.88
2018-09-20,2930.75,-1.08,-9.22
2018-09-21,2929.67,-10.3,6.49
2018-09-24,2919.37,-3.81,-5.78
2018-09-25,2915.56,-9.59,17.62
2018-09-26,2905.97,8.03,-8.05
2018-09-27,2914,-0.02,10.63
2018-09-28,2913.98,10.61,-11.77
2018-10-01,2924.59,-1.16,3.24
2018-10-02,2923.43,2.08,-25.98
2018-10-03,2925.51,-23.9,7.86
2018-10-04,2901.61,-16.04,14.9
2018-10-05,2885.57,-1.14,-2.95
2018-10-08,2884.43,-4.09,-90.57
2018-10-09,2880.34,-94.66,37.35
2018-10-10,2785.68,-57.31,96.07
2018-10-11,2728.37,38.76,-55.1
2018-10-12,2767.13,-16.34,75.47
2018-10-15,2750.79,59.13,-59.84
2018-10-16,2809.92,-0.71,-39.72
2018-10-17,2809.21,-40.43,39.43
2018-10-18,2768.78,-1,-10.9
2018-10-19,2767.78,-11.9,-3.29
2018-10-22,2755.88,-15.19,-69.4
2018-10-23,2740.69,-84.59,134.06
2018-10-24,2656.1,49.47,-96.35
2018-10-25,2705.57,-46.88,29.44
2018-10-26,2658.69,-17.44,58.82
2018-10-29,2641.25,41.38,-12.27
2018-10-30,2682.63,29.11,-0.48
2018-10-31,2711.74,28.63,-45.94
2018-11-01,2740.37,-17.31,32.56
2018-11-02,2723.06,15.25,1.89
2018-11-05,2738.31,17.14,41.3
2018-11-06,2755.45,58.44,-65.5
2018-11-07,2813.89,-7.06,-18.76
2018-11-08,2806.83,-25.82,-28.97
2018-11-09,2781.01,-54.79,50.75
2018-11-12,2726.22,-4.04,-16.56
2018-11-13,2722.18,-20.6,49.22
2018-11-14,2701.58,28.62,-22.55
2018-11-15,2730.2,6.07,-51.61
2018-11-16,2736.27,-45.54,-3.3
2018-11-19,2690.73,-48.84,56.88
2018-11-20,2641.89,8.04,-25.41
2018-11-21,2649.93,-17.37,58.26
2018-11-23,2632.56,40.89,-32.17
2018-11-26,2673.45,8.72,52.9
2018-11-27,2682.17,61.62,-67.65
2018-11-28,2743.79,-6.03,28.44
2018-11-29,2737.76,22.41,7.79
2018-11-30,2760.17,30.2,-120.51
2018-12-03,2790.37,-90.31,86.2
2018-12-04,2700.06,-4.11,-58.76
2018-12-06,2695.95,-62.87,67.51
2018-12-07,2633.08,4.64,-5.58
2018-12-10,2637.72,-0.94,15.23
2018-12-11,2636.78,14.29,-14.82
2018-12-12,2651.07,-0.53,-50.06
2018-12-13,2650.54,-50.59,-3.42
2018-12-14,2599.95,-54.01,54.23
2018-12-17,2545.94,0.22,-39.42
2018-12-18,2546.16,-39.2,-0.34
2018-12-19,2506.96,-39.54,-11.26
2018-12-20,2467.42,-50.8,-14.72
2018-12-21,2416.62,-65.52,182.12
2018-12-24,2351.1,116.6,-95.47
2018-12-26,2467.7,21.13,-24.22
2018-12-27,2488.83,-3.09,24.2
2018-12-28,2485.74,21.11,-17.93
2018-12-31,2506.85,3.18,-65.32
2019-01-02,2510.03,-62.14,146.19
2019-01-03,2447.89,84.05,-66.3
2019-01-04,2531.94,17.75,6.97
2019-01-07,2549.69,24.72,-14.17
2019-01-08,2574.41,10.55,1.13
2019-01-09,2584.96,11.68,-12.06
2019-01-10,2596.64,-0.38,-13.27
2019-01-11,2596.26,-13.65,41.34
2019-01-14,2582.61,27.69,-21.89
2019-01-15,2610.3,5.8,14.06
2019-01-16,2616.1,19.86,14.89
2019-01-17,2635.96,34.75,-72.56
2019-01-18,2670.71,-37.81,43.61
2019-01-22,2632.9,5.8,-2.17
2019-01-23,2638.7,3.63,18.8
2019-01-24,2642.33,22.43,-43.34
2019-01-25,2664.76,-20.91,17.06
2019-01-28,2643.85,-3.85,44.9
2019-01-29,2640,41.05,-18
2019-01-30,2681.05,23.05,-20.62
2019-01-31,2704.1,2.43,15.91
2019-02-01,2706.53,18.34,-5.51
2019-02-04,2724.87,12.83,-18.92
2019-02-05,2737.7,-6.09,-19.47
2019-02-06,2731.61,-25.56,27.39
2019-02-07,2706.05,1.83,0.09
2019-02-08,2707.88,1.92,33.01
2019-02-11,2709.8,34.93,-26.63
2019-02-12,2744.73,8.3,-15.6
2019-02-13,2753.03,-7.3,37.17
2019-02-14,2745.73,29.87,-25.71
2019-02-15,2775.6,4.16,0.78
2019-02-19,2779.76,4.94,-14.76
2019-02-20,2784.7,-9.82,27.61
2019-02-21,2774.88,17.79,-14.35
2019-02-22,2792.67,3.44,-5.65
2019-02-25,2796.11,-2.21,0.69
2019-02-26,2793.9,-1.52,-6.37
2019-02-27,2792.38,-7.89,27.09
2019-02-28,2784.49,19.2,-30.08
2019-03-01,2803.69,-10.88,7.72
2019-03-04,2792.81,-3.16,-15.04
2019-03-05,2789.65,-18.2,-4.32
2019-03-06,2771.45,-22.52,16.66
2019-03-07,2748.93,-5.86,46.09
2019-03-08,2743.07,40.23,-32.01
2019-03-11,2783.3,8.22,11.18
2019-03-12,2791.52,19.4,-21.84
2019-03-13,2810.92,-2.44,16.44
2019-03-14,2808.48,14,-3.54
2019-03-15,2822.48,10.46,-10.83
2019-03-18,2832.94,-0.37,-7.97
2019-03-19,2832.57,-8.34,38.99
2019-03-20,2824.23,30.65,-84.82
2019-03-21,2854.88,-54.17,51.82
2019-03-22,2800.71,-2.35,22.45
2019-03-25,2798.36,20.1,-33.19
2019-03-26,2818.46,-13.09,23.16
2019-03-27,2805.37,10.07,8.89
2019-03-28,2815.44,18.96,13.83
2019-03-29,2834.4,32.79,-32.74
2019-04-01,2867.19,0.05,6.11
2019-04-02,2867.24,6.16,-0.17
2019-04-03,2873.4,5.99,7.36
2019-04-04,2879.39,13.35,-10.32
2019-04-05,2892.74,3.03,-20.6
2019-04-08,2895.77,-17.57,27.58
2019-04-09,2878.2,10.01,-9.9
2019-04-10,2888.21,0.11,18.98
2019-04-11,2888.32,19.09,-20.92
2019-04-12,2907.41,-1.83,3.31
2019-04-15,2905.58,1.48,-8.09
2019-04-16,2907.06,-6.61,11.19
2019-04-17,2900.45,4.58,-1.64
2019-04-18,2905.03,2.94,22.77
2019-04-22,2907.97,25.71,-32.14
2019-04-23,2933.68,-6.43,5.35
2019-04-24,2927.25,-1.08,14.79
2019-04-25,2926.17,13.71,-10.56
2019-04-26,2939.88,3.15,-0.35
2019-04-29,2943.03,2.8,-24.9
2019-04-30,2945.83,-22.1,15.89
2019-05-01,2923.73,-6.21,34.33
2019-05-02,2917.52,28.12,-41.29
2019-05-03,2945.64,-13.17,-35.25
2019-05-06,2932.47,-48.42,43.79
2019-05-07,2884.05,-4.63,-4.07
2019-05-08,2879.42,-8.7,19.38
2019-05-09,2870.72,10.68,-80.21
2019-05-10,2881.4,-69.53,92.07
2019-05-13,2811.87,22.54,-5.99
2019-05-14,2834.41,16.55,8.81
2019-05-15,2850.96,25.36,-42.15
2019-05-16,2876.32,-16.79,-2.51
2019-05-17,2859.53,-19.3,43.43
2019-05-20,2840.23,24.13,-32.22
2019-05-21,2864.36,-8.09,-25.94
2019-05-22,2856.27,-34.03,37.85
2019-05-23,2822.24,3.82,-27.49
2019-05-24,2826.06,-23.67,4.3
2019-05-28,2802.39,-19.37,25.21
2019-05-29,2783.02,5.84,-42.64
2019-05-30,2788.86,-36.8,29.19
2019-05-31,2752.06,-7.61,66.43
2019-06-03,2744.45,58.82,-35.94
2019-06-04,2803.27,22.88,-5.54
2019-06-05,2826.15,17.34,12.51
2019-06-06,2843.49,29.85,-16.46
2019-06-07,2873.34,13.39,-14.4
2019-06-10,2886.73,-1.01,-4.87
2019-06-11,2885.72,-5.88,17.68
2019-06-12,2879.84,11.8,-16.46
2019-06-13,2891.64,-4.66,7.35
2019-06-14,2886.98,2.69,25.39
2019-06-17,2889.67,28.08,-19.37
2019-06-18,2917.75,8.71,19.01
2019-06-19,2926.46,27.72,-31.44
2019-06-20,2954.18,-3.72,-1.39
2019-06-21,2950.46,-5.11,-22.86
2019-06-24,2945.35,-27.97,24.37
2019-06-25,2917.38,-3.6,14.74
2019-06-26,2913.78,11.14,5.7
2019-06-27,2924.92,16.84,5.73
2019-06-28,2941.76,22.57,-13.89
2019-07-01,2964.33,8.68,14.13
2019-07-02,2973.01,22.81,-28.22
2019-07-03,2995.82,-5.41,-9.05
2019-07-05,2990.41,-14.46,18.14
2019-07-08,2975.95,3.68,9.76
2019-07-09,2979.63,13.44,-6.6
2019-07-10,2993.07,6.84,7.02
2019-07-11,2999.91,13.86,-13.33
2019-07-12,3013.77,0.53,-10.79
2019-07-15,3014.3,-10.26,-9.36
2019-07-16,3004.04,-19.62,30.31
2019-07-17,2984.42,10.69,-29.19
2019-07-18,2995.11,-18.5,26.92
2019-07-19,2976.61,8.42,12.02
2019-07-22,2985.03,20.44,-6.35
2019-07-23,3005.47,14.09,-29.98
2019-07-24,3019.56,-15.89,38.08
2019-07-25,3003.67,22.19,-27.08
2019-07-26,3025.86,-4.89,-2.9
2019-07-29,3020.97,-7.79,-25.01
2019-07-30,3013.18,-32.8,5.98
2019-07-31,2980.38,-26.82,5.31
2019-08-01,2953.56,-21.51,-65.8
2019-08-02,2932.05,-87.31,124.34
2019-08-05,2844.74,37.03,-34.82
2019-08-06,2881.77,2.21,51.9
2019-08-07,2883.98,54.11,-73.55
2019-08-08,2938.09,-19.44,-15.46
2019-08-09,2918.65,-34.9,77.47
2019-08-12,2883.75,42.57,-128.29
2019-08-13,2926.32,-85.72,92.72
2019-08-14,2840.6,7,34.08
2019-08-15,2847.6,41.08,-6.11
2019-08-16,2888.68,34.97,-58.11
2019-08-19,2923.65,-23.14,47.06
2019-08-20,2900.51,23.92,-25.4
2019-08-21,2924.43,-1.48,-74.36
2019-08-22,2922.95,-75.84,107.11
2019-08-23,2847.11,31.27,-40.49
2019-08-26,2878.38,-9.22,28
2019-08-27,2869.16,18.78,17.86
2019-08-28,2887.94,36.64,-34.76
2019-08-29,2924.58,1.88,-22.07
2019-08-30,2926.46,-20.19,51.7
2019-09-03,2906.27,31.51,6.71
2019-09-04,2937.78,38.22,-35.51
2019-09-05,2976,2.71,-2.99
2019-09-06,2978.71,-0.28,1.24
2019-09-09,2978.43,0.96,20.58
2019-09-10,2979.39,21.54,-12.9
2019-09-11,3000.93,8.64,-10.82
2019-09-12,3009.57,-2.18,-7.25
2019-09-13,3007.39,-9.43,17.17
2019-09-16,2997.96,7.74,-6.71
2019-09-17,3005.7,1.03,-0.97
2019-09-18,3006.73,0.06,-14.78
2019-09-19,3006.79,-14.72,14.43
2019-09-20,2992.07,-0.29,-24.89
2019-09-23,2991.78,-25.18,43.45
2019-09-24,2966.6,18.27,-25.52
2019-09-25,2984.87,-7.25,-8.58
2019-09-26,2977.62,-15.83,30.78
2019-09-27,2961.79,14.95,-51.44
2019-09-30,2976.74,-36.49,-16.15
2019-10-01,2940.25,-52.64,75.66
2019-10-02,2887.61,23.02,18.36
2019-10-03,2910.63,41.38,-54.6
2019-10-04,2952.01,-13.22,-32.51
2019-10-07,2938.79,-45.73,72.07
2019-10-08,2893.06,26.34,-7.61
2019-10-09,2919.4,18.73,13.41
2019-10-10,2938.13,32.14,-36.26
2019-10-11,2970.27,-4.12,33.65
2019-10-14,2966.15,29.53,-35.52
2019-10-15,2995.68,-5.99,14.25
2019-10-16,2989.69,8.26,-20.01
2019-10-17,2997.95,-11.75,32.27
2019-10-18,2986.2,20.52,-31.25
2019-10-21,3006.72,-10.73,19.26
2019-10-22,2995.99,8.53,-2.76
2019-10-23,3004.52,5.77,6.49
2019-10-24,3010.29,12.26,4.61
2019-10-25,3022.55,16.87,-19.4
2019-10-28,3039.42,-2.53,12.41
2019-10-29,3036.89,9.88,-19.09
2019-10-30,3046.77,-9.21,38.56
2019-10-31,3037.56,29.35,-17.99
2019-11-01,3066.91,11.36,-15.01
2019-11-04,3078.27,-3.65,5.81
2019-11-05,3074.62,2.16,6.24
2019-11-06,3076.78,8.4,-0.5
2019-11-07,3085.18,7.9,-13.97
2019-11-08,3093.08,-6.07,10.9
2019-11-11,3087.01,4.83,-2.63
2019-11-12,3091.84,2.2,0.39
2019-11-13,3094.04,2.59,21.24
2019-11-14,3096.63,23.83,-22.26
2019-11-15,3120.46,1.57,-3.42
2019-11-18,3122.03,-1.85,-9.87
2019-11-19,3120.18,-11.72,6.8
2019-11-20,3108.46,-4.92,11.67
2019-11-21,3103.54,6.75,16.6
2019-11-22,3110.29,23.35,-16.47
2019-11-25,3133.64,6.88,6.23
2019-11-26,3140.52,13.11,-25.76
2019-11-27,3153.63,-12.65,-14.46
2019-11-29,3140.98,-27.11,6.44
2019-12-02,3113.87,-20.67,40.23
2019-12-03,3093.2,19.56,-14.89
2019-12-04,3112.76,4.67,23.81
2019-12-05,3117.43,28.48,-38.43
2019-12-06,3145.91,-9.95,6.51
2019-12-09,3135.96,-3.44,12.55
2019-12-10,3132.52,9.11,17.83
2019-12-11,3141.63,26.94,-26.71
2019-12-12,3168.57,0.23,22.42
2019-12-13,3168.8,22.65,-21.58
2019-12-16,3191.45,1.07,-2.45
2019-12-17,3192.52,-1.38,15.61
2019-12-18,3191.14,14.23,1.62
2019-12-19,3205.37,15.85,-13.06
2019-12-20,3221.22,2.79,-3.42
2019-12-23,3224.01,-0.63,17.16
2019-12-24,3223.38,16.53,-16.42
2019-12-26,3239.91,0.11,-18.84
2019-12-27,3240.02,-18.73,28.22
2019-12-30,3221.29,9.49,17.58
2019-12-31,3230.78,27.07,-50.07
2020-01-02,3257.85,-23,34.43
2020-01-03,3234.85,11.43,-20.53
2020-01-06,3246.28,-9.1,24.97
2020-01-07,3237.18,15.87,5.78
2020-01-08,3253.05,21.65,-31
2020-01-09,3274.7,-9.35,32.13
2020-01-10,3265.35,22.78,-27.76
2020-01-13,3288.13,-4.98,11.12
2020-01-14,3283.15,6.14,21.38
2020-01-15,3289.29,27.52,-14.71
2020-01-16,3316.81,12.81,-21.64
2020-01-17,3329.62,-8.83,9.79
2020-01-21,3320.79,0.96,2.83
2020-01-22,3321.75,3.79,-33.86
2020-01-23,3325.54,-30.07,-21.77
2020-01-24,3295.47,-51.84,84.45
2020-01-27,3243.63,32.61,-35.45
2020-01-28,3276.24,-2.84,13.1
2020-01-29,3273.4,10.26,-68.4
2020-01-30,3283.66,-58.14,81.54
2020-01-31,3225.52,23.4,25.27
2020-02-03,3248.92,48.67,-11.57
2020-02-04,3297.59,37.1,-26.01
2020-02-05,3334.69,11.09,-29.16
2020-02-06,3345.78,-18.07,42.45
2020-02-07,3327.71,24.38,-18.72
2020-02-10,3352.09,5.66,16.04
2020-02-11,3357.75,21.7,-27.21
2020-02-12,3379.45,-5.51,11.73
2020-02-13,3373.94,6.22,-16.09
2020-02-14,3380.16,-9.87,25.73
2020-02-18,3370.29,15.86,-28.78
2020-02-19,3386.15,-12.92,-22.56
2020-02-20,3373.23,-35.48,-76.38
2020-02-21,3337.75,-111.86,14.18
2020-02-24,3225.89,-97.68,85.86
2020-02-25,3128.21,-11.82,-125.81
2020-02-26,3116.39,-137.63,113.09
2020-02-27,2978.76,-24.54,160.55
2020-02-28,2954.22,136.01,-222.87
2020-03-02,3090.23,-86.86,213.61
2020-03-03,3003.37,126.75,-232.93
2020-03-04,3130.12,-106.18,54.61
2020-03-05,3023.94,-51.57,-174.24
2020-03-06,2972.37,-225.81,361.48
2020-03-09,2746.56,135.67,-276.52
2020-03-10,2882.23,-140.85,-119.89
2020-03-11,2741.38,-260.74,491.12
2020-03-12,2480.64,230.38,-555.27
2020-03-13,2711.02,-324.89,467.95
2020-03-16,2386.13,143.06,-274.15
2020-03-17,2529.19,-131.09,142.38
2020-03-18,2398.1,11.29,-115.76
2020-03-19,2409.39,-104.47,36.95
2020-03-20,2304.92,-67.52,277.45
2020-03-23,2237.4,209.93,-181.7
2020-03-24,2447.33,28.23,126.28
2020-03-25,2475.56,154.51,-243.11
2020-03-26,2630.07,-88.6,173.78
2020-03-27,2541.47,85.18,-127.24
2020-03-30,2626.65,-42.06,-72.03
2020-03-31,2584.59,-114.09,170.49
2020-04-01,2470.5,56.4,-94.65
2020-04-02,2526.9,-38.25,213.28
2020-04-03,2488.65,175.03,-179.3
2020-04-06,2663.68,-4.27,94.84
2020-04-07,2659.41,90.57,-50.73
2020-04-08,2749.98,39.84,-68.03
2020-04-09,2789.82,-28.19,112.62
2020-04-13,2761.63,84.43,-147.13
2020-04-14,2846.06,-62.7,78.89
2020-04-15,2783.36,16.19,58.82
2020-04-16,2799.55,75.01,-126.41
2020-04-17,2874.56,-51.4,-35.2
2020-04-20,2823.16,-86.6,149.35
2020-04-21,2736.56,62.75,-64.26
2020-04-22,2799.31,-1.51,40.45
2020-04-23,2797.8,38.94,2.8
2020-04-24,2836.74,41.74,-56.83
2020-04-27,2878.48,-15.09,91.21
2020-04-28,2863.39,76.12,-103.2
2020-04-29,2939.51,-27.08,-54.64
2020-04-30,2912.43,-81.72,93.75
2020-05-01,2830.71,12.03,13.67
2020-05-04,2842.74,25.7,-45.72
2020-05-05,2868.44,-20.02,52.79
2020-05-06,2848.42,32.77,15.84
2020-05-07,2881.19,48.61,-48.09
2020-05-08,2929.8,0.52,-60.72
2020-05-11,2930.32,-60.2,10.08
2020-05-12,2870.12,-50.12,82.62
2020-05-13,2820,32.5,-21.3
2020-05-14,2852.5,11.2,79.01
2020-05-15,2863.7,90.21,-121.18
2020-05-18,2953.91,-30.97,79.64
2020-05-19,2922.94,48.67,-71.77
2020-05-20,2971.61,-23.1,30.04
2020-05-21,2948.51,6.94,29.38
2020-05-22,2955.45,36.32,8.04
2020-05-26,2991.77,44.36,-50.76
2020-05-27,3036.13,-6.4,20.98
2020-05-28,3029.73,14.58,-3.16
2020-05-29,3044.31,11.42,13.67
2020-06-01,3055.73,25.09,16.96
2020-06-02,3080.82,42.05,-52.57
2020-06-03,3122.87,-10.52,92.1
2020-06-04,3112.35,81.58,-43.12
2020-06-05,3193.93,38.46,-63.67
2020-06-08,3232.39,-25.21,8.17
2020-06-09,3207.18,-17.04,-171
2020-06-10,3190.14,-188.04,227.25
2020-06-11,3002.1,39.21,-13.93
2020-06-12,3041.31,25.28,32.87
2020-06-15,3066.59,58.15,-69.4
2020-06-16,3124.74,-11.25,13.1
2020-06-17,3113.49,1.85,-19.45
2020-06-18,3115.34,-17.6,37.72
2020-06-19,3097.74,20.12,-6.69
2020-06-22,3117.86,13.43,-94.39
2020-06-23,3131.29,-80.96,114.39
2020-06-24,3050.33,33.43,-108.14
2020-06-25,3083.76,-74.71,118.9
2020-06-26,3009.05,44.19,2.86
2020-06-29,3053.24,47.05,-31.48
2020-06-30,3100.29,15.57,-1.42
2020-07-01,3115.86,14.15,35.56
2020-07-02,3130.01,49.71,-84.11
2020-07-06,3179.72,-34.4,59.02
2020-07-07,3145.32,24.62,-42.51
2020-07-08,3169.94,-17.89,50.88
2020-07-09,3152.05,32.99,-62.81
2020-07-10,3185.04,-29.82,72.12
2020-07-13,3155.22,42.3,-13.26
2020-07-14,3197.52,29.04,-40.03
2020-07-15,3226.56,-10.99,20.15
2020-07-16,3215.57,9.16,17.95
2020-07-17,3224.73,27.11,-21.65
2020-07-20,3251.84,5.46,13.26
2020-07-21,3257.3,18.72,-59.08
2020-07-22,3276.02,-40.36,20.33
2020-07-23,3235.66,-20.03,43.81
2020-07-24,3215.63,23.78,-44.75
2020-07-27,3239.41,-20.97,60.97
2020-07-28,3218.44,40,-52.22
2020-07-29,3258.44,-12.22,37.12
2020-07-30,3246.22,24.9,-1.41
2020-07-31,3271.12,23.49,-11.59
2020-08-03,3294.61,11.9,9.36
2020-08-04,3306.51,21.26,0.13
2020-08-05,3327.77,21.39,-19.27
2020-08-06,3349.16,2.12,7.07
2020-08-07,3351.28,9.19,-35.97
2020-08-10,3360.47,-26.78,73.44
2020-08-11,3333.69,46.66,-53.58
2020-08-12,3380.35,-6.92,6.34
2020-08-13,3373.43,-0.58,9.72
2020-08-14,3372.85,9.14,-1.35
2020-08-17,3381.99,7.79,-22.72
2020-08-18,3389.78,-14.93,25.59
2020-08-19,3374.85,10.66,0.99
2020-08-20,3385.51,11.65,22.47
2020-08-21,3397.16,34.12,-21.78
2020-08-24,3431.28,12.34,22.77
2020-08-25,3443.62,35.11,-29.29
2020-08-26,3478.73,5.82,17.64
2020-08-27,3484.55,23.46,-31.16
2020-08-28,3508.01,-7.7,34.04
2020-08-31,3500.31,26.34,27.85
2020-09-01,3526.65,54.19,-179.97
2020-09-02,3580.84,-125.78,97.68
2020-09-03,3455.06,-28.1,-67.02
2020-09-04,3426.96,-95.12,162.24
2020-09-08,3331.84,67.12,-126.89
2020-09-09,3398.96,-59.77,61.55
2020-09-10,3339.19,1.78,40.79
2020-09-11,3340.97,42.57,-24.91
2020-09-14,3383.54,17.66,-33.37
2020-09-15,3401.2,-15.71,-12.77
2020-09-16,3385.49,-28.48,-9.06
2020-09-17,3357.01,-37.54,-0.87
2020-09-18,3319.47,-38.41,72.92
2020-09-21,3281.06,34.51,-113.16
2020-09-22,3315.57,-78.65,88.32
2020-09-23,3236.92,9.67,42.2
2020-09-24,3246.59,51.87,1.27
2020-09-25,3298.46,53.14,-69.27
2020-09-28,3351.6,-16.13,43.66
2020-09-29,3335.47,27.53,-9.73
2020-09-30,3363,17.8,-50.16
2020-10-01,3380.8,-32.36,92.55
2020-10-02,3348.44,60.19,-107.87
2020-10-05,3408.63,-47.68,106.18
2020-10-06,3360.95,58.5,-31.12
2020-10-07,3419.45,27.38,2.92
2020-10-08,3446.83,30.3,26.79
2020-10-09,3477.13,57.09,-79.38
2020-10-12,3534.22,-22.29,-0.97
2020-10-13,3511.93,-23.26,17.93
2020-10-14,3488.67,-5.33,5.8
2020-10-15,3483.34,0.47,-57.36
2020-10-16,3483.81,-56.89,73.09
2020-10-19,3426.92,16.2,-23.76
2020-10-20,3443.12,-7.56,25.49
2020-10-21,3435.56,17.93,-6.03
2020-10-22,3453.49,11.9,-76.32
2020-10-23,3465.39,-64.42,54.13
2020-10-26,3400.97,-10.29,-109.36
2020-10-27,3390.68,-119.65,158.73
2020-10-28,3271.03,39.08,-79.23
2020-10-29,3310.11,-40.15,80.43
2020-10-30,3269.96,40.28,18.64
2020-11-02,3310.24,58.92,15.36
2020-11-03,3369.16,74.28,-7.27
2020-11-04,3443.44,67.01,-68.02
2020-11-05,3510.45,-1.01,42.07
2020-11-06,3509.44,41.06,-46.03
2020-11-09,3550.5,-4.97,32.1
2020-11-10,3545.53,27.13,-62.78
2020-11-11,3572.66,-35.65,83.79
2020-11-12,3537.01,48.14,-6.38
2020-11-13,3585.15,41.76,-59.14
2020-11-16,3626.91,-17.38,-24.36
2020-11-17,3609.53,-41.74,55.82
2020-11-18,3567.79,14.08,-38.41
2020-11-19,3581.87,-24.33,44.38
2020-11-20,3557.54,20.05,37.77
2020-11-23,3577.59,57.82,-63.58
2020-11-24,3635.41,-5.76,14.46
2020-11-25,3629.65,8.7,-25.42
2020-11-27,3638.35,-16.72,57.54
2020-11-30,3621.63,40.82,-34.26
2020-12-01,3662.45,6.56,-8.85
2020-12-02,3669.01,-2.29,34.69
2020-12-03,3666.72,32.4,-39.56
2020-12-04,3699.12,-7.16,17.45
2020-12-07,3691.96,10.29,-39.72
2020-12-08,3702.25,-29.43,24.71
2020-12-09,3672.82,-4.72,0.08
2020-12-10,3668.1,-4.64,-11.33
2020-12-11,3663.46,-15.97,63.1
2020-12-14,3647.49,47.13,-40.58
2020-12-15,3694.62,6.55,14.76
2020-12-16,3701.17,21.31,-34.38
2020-12-17,3722.48,-13.07,-1.42
2020-12-18,3709.41,-14.49,6.83
2020-12-21,3694.92,-7.66,10.41
2020-12-22,3687.26,2.75,10.3
2020-12-23,3690.01,13.05,19.25
2020-12-24,3703.06,32.3,-40.62
2020-12-28,3735.36,-8.32,13.32
2020-12-29,3727.04,5,19.03
2020-12-30,3732.04,24.03,-79.45
2020-12-31,3756.07,-55.42,81.63
2021-01-04,3700.65,26.21,-4.93
2021-01-05,3726.86,21.28,34.37
2021-01-06,3748.14,55.65,-34.76
2021-01-07,3803.79,20.89,-45.96
2021-01-08,3824.68,-25.07,26.65
2021-01-11,3799.61,1.58,7.07
2021-01-12,3801.19,8.65,-22.95
2021-01-13,3809.84,-14.3,-12.99
2021-01-14,3795.54,-27.29,57.95
2021-01-15,3768.25,30.66,22.28
2021-01-19,3798.91,52.94,-51.72
2021-01-20,3851.85,1.22,-12.82
2021-01-21,3853.07,-11.6,25.49
2021-01-22,3841.47,13.89,-19.63
2021-01-25,3855.36,-5.74,-93.11
2021-01-26,3849.62,-98.85,135.46
2021-01-27,3750.77,36.61,-109.75
2021-01-28,3787.38,-73.14,132.76
2021-01-29,3714.24,59.62,-7.17
2021-02-01,3773.86,52.45,-48.59
2021-02-02,3826.31,3.86,37.71
2021-02-03,3830.17,41.57,-26.48
2021-02-04,3871.74,15.09,13.67
2021-02-05,3886.83,28.76,-33.12
2021-02-08,3915.59,-4.36,3.01
2021-02-09,3911.23,-1.35,7.85
2021-02-10,3909.88,6.5,11.95
2021-02-11,3916.38,18.45,-20.69
2021-02-12,3934.83,-2.24,0.98
2021-02-16,3932.59,-1.26,-16.1
2021-02-17,3931.33,-17.36,10.1
2021-02-18,3913.97,-7.26,-22.95
2021-02-19,3906.71,-30.21,35.08
2021-02-22,3876.5,4.87,39.19
2021-02-23,3881.37,44.06,-140.15
2021-02-24,3925.43,-96.09,77.9
2021-02-25,3829.34,-18.19,108.86
2021-02-26,3811.15,90.67,-122.2
2021-03-01,3901.82,-31.53,-19.04
2021-03-02,3870.29,-50.57,-0.68
2021-03-03,3819.72,-51.25,124.72
2021-03-04,3768.47,73.47,-94.06
2021-03-05,3841.94,-20.59,74.68
2021-03-08,3821.35,54.09,-30.72
2021-03-09,3875.44,23.37,17.16
2021-03-10,3898.81,40.53,-36.53
2021-03-11,3939.34,4,21.6
2021-03-12,3943.34,25.6,-31.83
2021-03-15,3968.94,-6.23,17.64
2021-03-16,3962.71,11.41,-70.07
2021-03-17,3974.12,-58.66,56.3
2021-03-18,3915.46,-2.36,29.85
2021-03-19,3913.1,27.49,-57.56
2021-03-22,3940.59,-30.07,8.69
2021-03-23,3910.52,-21.38,41.76
2021-03-24,3889.14,20.38,44.64
2021-03-25,3909.52,65.02,-68.47
2021-03-26,3974.54,-3.45,-9.09
2021-03-29,3971.09,-12.54,26.88
2021-03-30,3958.55,14.34,32.64
2021-03-31,3972.89,46.98,11.06
2021-04-01,4019.87,58.04,-62.01
2021-04-05,4077.91,-3.97,9.98
2021-04-06,4073.94,6.01,11.21
2021-04-07,4079.95,17.22,14.41
2021-04-08,4097.17,31.63,-32.44
2021-04-09,4128.8,-0.81,14.41
2021-04-12,4127.99,13.6,-30.53
2021-04-13,4141.59,-16.93,62.69
2021-04-14,4124.66,45.76,-30.71
2021-04-15,4170.42,15.05,-37.26
2021-04-16,4185.47,-22.21,-6.11
2021-04-19,4163.26,-28.32,66.8
2021-04-20,4134.94,38.48,-76.92
2021-04-21,4173.42,-38.44,83.63
2021-04-22,4134.98,45.19,-37.74
2021-04-23,4180.17,7.45,-8.35
2021-04-26,4187.62,-0.9,-2.64
2021-04-27,4186.72,-3.54,31.83
2021-04-28,4183.18,28.29,-58.59
2021-04-29,4211.47,-30.3,41.79
2021-04-30,4181.17,11.49,-39.49
2021-05-03,4192.66,-28,30.93
2021-05-04,4164.66,2.93,31.1
2021-05-05,4167.59,34.03,-3.05
2021-05-06,4201.62,30.98,-75.15
2021-05-07,4232.6,-44.17,7.84
2021-05-10,4188.43,-36.33,-52.73
2021-05-11,4152.1,-89.06,138.52
2021-05-12,4063.04,49.46,11.89
2021-05-13,4112.5,61.35,-71.91
2021-05-14,4173.85,-10.56,-24.9
2021-05-17,4163.29,-35.46,23.31
2021-05-18,4127.83,-12.15,55.59
2021-05-19,4115.68,43.44,-46.7
2021-05-20,4159.12,-3.26,44.45
2021-05-21,4155.86,41.19,-50.11
2021-05-24,4197.05,-8.92,16.78
2021-05-25,4188.13,7.86,-2.97
2021-05-26,4195.99,4.89,-1.66
2021-05-27,4200.88,3.23,-5.3
2021-05-28,4204.11,-2.07,8.15
2021-06-01,4202.04,6.08,-21.35
2021-06-02,4208.12,-15.27,52.31
2021-06-03,4192.85,37.04,-40.41
2021-06-04,4229.89,-3.37,4.11
2021-06-07,4226.52,0.74,-8.45
2021-06-08,4227.26,-7.71,27.34
2021-06-09,4219.55,19.63,-11.37
2021-06-10,4239.18,8.26,-0.55
2021-06-11,4247.44,7.71,-16.27
2021-06-14,4255.15,-8.56,-14.33
2021-06-15,4246.59,-22.89,21.05
2021-06-16,4223.7,-1.84,-53.57
2021-06-17,4221.86,-55.41,113.75
2021-06-18,4166.45,58.34,-36.69
2021-06-21,4224.79,21.65,-26.25
2021-06-22,4246.44,-4.6,29.25
2021-06-23,4241.84,24.65,-10.44
2021-06-24,4266.49,14.21,-4.3
2021-06-25,4280.7,9.91,-8.72
2021-06-28,4290.61,1.19,4.51
2021-06-29,4291.8,5.7,16.74
2021-06-30,4297.5,22.44,9.96
2021-07-01,4319.94,32.4,-41.2
2021-07-02,4352.34,-8.8,23.39
2021-07-06,4343.54,14.59,-51.9
2021-07-07,4358.13,-37.31,86.04
2021-07-08,4320.82,48.73,-33.65
2021-07-09,4369.55,15.08,-30.5
2021-07-12,4384.63,-15.42,20.51
2021-07-13,4369.21,5.09,-19.36
2021-07-14,4374.3,-14.27,-18.6
2021-07-15,4360.03,-32.87,-35.8
2021-07-16,4327.16,-68.67,133.24
2021-07-19,4258.49,64.57,-28.94
2021-07-20,4323.06,35.63,-26.84
2021-07-21,4358.69,8.79,35.52
2021-07-22,4367.48,44.31,-33.8
2021-07-23,4411.79,10.51,-31.35
2021-07-26,4422.3,-20.84,20.02
2021-07-27,4401.46,-0.82,19.33
2021-07-28,4400.64,18.51,-42.4
2021-07-29,4419.15,-23.89,15.79
2021-07-30,4395.26,-8.1,44.09
2021-08-02,4387.16,35.99,-56.48
2021-08-03,4423.15,-20.49,46.93
2021-08-04,4402.66,26.44,-19.02
2021-08-05,4429.1,7.42,-11.59
2021-08-06,4436.52,-4.17,8.57
2021-08-09,4432.35,4.4,6.55
2021-08-10,4436.75,10.95,2.18
2021-08-11,4447.7,13.13,-5.96
2021-08-12,4460.83,7.17,4.54
2021-08-13,4468,11.71,-43.34
2021-08-16,4479.71,-31.63,-16.18
2021-08-17,4448.08,-47.81,53.34
2021-08-18,4400.27,5.53,30.34
2021-08-19,4405.8,35.87,1.99
2021-08-20,4441.67,37.86,-31.16
2021-08-23,4479.53,6.7,3.26
2021-08-24,4486.23,9.96,-36.15
2021-08-25,4496.19,-26.19,65.56
2021-08-26,4470,39.37,-19.95
2021-08-27,4509.37,19.42,-25.53
2021-08-30,4528.79,-6.11,7.52
2021-08-31,4522.68,1.41,11.45
2021-09-01,4524.09,12.86,-14.38
2021-09-02,4536.95,-1.52,-13.88
2021-09-03,4535.43,-15.4,9.44
2021-09-07,4520.03,-5.96,-14.83
2021-09-08,4514.07,-20.79,-13.91
2021-09-09,4493.28,-34.7,44.85
2021-09-10,4458.58,10.15,-35.83
2021-09-13,4468.73,-25.68,63.33
2021-09-14,4443.05,37.65,-44.6
2021-09-15,4480.7,-6.95,-33.81
2021-09-16,4473.75,-40.76,-34.5
2021-09-17,4432.99,-75.26,71.72
2021-09-20,4357.73,-3.54,44.99
2021-09-21,4354.19,41.45,11.89
2021-09-22,4395.64,53.34,-46.84
2021-09-23,4448.98,6.5,-18.87
2021-09-24,4455.48,-12.37,-78.11
2021-09-27,4443.11,-90.48,97.31
2021-09-28,4352.63,6.83,-58.75
2021-09-29,4359.46,-51.92,101.42
2021-09-30,4307.54,49.5,-106.08
2021-10-01,4357.04,-56.58,101.84
2021-10-04,4300.46,45.26,-27.43
2021-10-05,4345.72,17.83,18.38
2021-10-06,4363.55,36.21,-44.63
2021-10-07,4399.76,-8.42,-21.73
2021-10-08,4391.34,-30.15,19.61
2021-10-11,4361.19,-10.54,23.69
2021-10-12,4350.65,13.15,61.31
2021-10-13,4363.8,74.46,-41.35
2021-10-14,4438.26,33.11,-18.02
2021-10-15,4471.37,15.09,18.08
2021-10-18,4486.46,33.17,-16.61
2021-10-19,4519.63,16.56,-2.97
2021-10-20,4536.19,13.59,-18.47
2021-10-21,4549.78,-4.88,26.46
2021-10-22,4544.9,21.58,-13.27
2021-10-25,4566.48,8.31,-31.42
2021-10-26,4574.79,-23.11,67.85
2021-10-27,4551.68,44.74,-35.78
2021-10-28,4596.42,8.96,-0.67
2021-10-29,4605.38,8.29,8.69
2021-11-01,4613.67,16.98,12.94
2021-11-02,4630.65,29.92,-10.43
2021-11-03,4660.57,19.49,-2.02
2021-11-04,4680.06,17.47,-13.3
2021-11-05,4697.53,4.17,-20.62
2021-11-08,4701.7,-16.45,-22.09
2021-11-09,4685.25,-38.54,41.1
2021-11-10,4646.71,2.56,31.02
2021-11-11,4649.27,33.58,-33.63
2021-11-12,4682.85,-0.05,18.15
2021-11-15,4682.8,18.1,-30.33
2021-11-16,4700.9,-12.23,28.1
2021-11-17,4688.67,15.87,-22.45
2021-11-18,4704.54,-6.58,-8.44
2021-11-19,4697.96,-15.02,22.78
2021-11-22,4682.94,7.76,3
2021-11-23,4690.7,10.76,-117.6
2021-11-24,4701.46,-106.84,167.49
2021-11-26,4594.62,60.65,-148.92
2021-11-29,4655.27,-88.27,34.31
2021-11-30,4567,-53.96,118.02
2021-12-01,4513.04,64.06,-102.73
2021-12-02,4577.1,-38.67,91.91
2021-12-03,4538.43,53.24,41.84
2021-12-06,4591.67,95.08,-80.62
2021-12-07,4686.75,14.46,-48.22
2021-12-08,4701.21,-33.76,78.33
2021-12-09,4667.45,44.57,-87.62
2021-12-10,4712.02,-43.05,8.17
2021-12-13,4668.97,-34.88,110.64
2021-12-14,4634.09,75.76,-116.94
2021-12-15,4709.85,-41.18,-6.85
2021-12-16,4668.67,-48.03,-4.59
2021-12-17,4620.64,-52.62,133.83
2021-12-20,4568.02,81.21,-33.88
2021-12-21,4649.23,47.33,-18.1
2021-12-22,4696.56,29.23,36.17
2021-12-23,4725.79,65.4,-70.24
2021-12-27,4791.19,-4.84,11.55
2021-12-28,4786.35,6.71,-21.04
2021-12-29,4793.06,-14.33,1.78
2021-12-30,4778.73,-12.55,42.93
2021-12-31,4766.18,30.38,-33.4
2022-01-03,4796.56,-3.02,-89.94
2022-01-04,4793.54,-92.96,88.43
2022-01-05,4700.58,-4.53,-14.49
2022-01-06,4696.05,-19.02,12.28
2022-01-07,4677.03,-6.74,49.52
2022-01-10,4670.29,42.78,-29.5
2022-01-11,4713.07,13.28,-80.6
2022-01-12,4726.35,-67.32,71.14
2022-01-13,4659.03,3.82,-89.56
2022-01-14,4662.85,-85.74,41.39
2022-01-18,4577.11,-44.35,-5.68
2022-01-19,4532.76,-50.03,-34.76
2022-01-20,4482.73,-84.79,96.98
2022-01-21,4397.94,12.19,-65.87
2022-01-24,4410.13,-53.68,47.16
2022-01-25,4356.45,-6.52,-16.9
2022-01-26,4349.93,-23.42,128.76
2022-01-27,4326.51,105.34,-21.64
2022-01-28,4431.85,83.7,-52.71
2022-01-31,4515.55,30.99,11.85
2022-02-01,4546.54,42.84,-154.78
2022-02-02,4589.38,-111.94,135.03
2022-02-03,4477.44,23.09,-39.75
2022-02-04,4500.53,-16.66,54.33
2022-02-07,4483.87,37.67,27.97
2022-02-08,4521.54,65.64,-148.74
2022-02-09,4587.18,-83.1,-2.34
2022-02-10,4504.08,-85.44,68.47
2022-02-11,4418.64,-16.97,86.37
2022-02-14,4401.67,69.4,-65.46
2022-02-15,4471.07,3.94,-98.69
2022-02-16,4475.01,-94.75,63.36
2022-02-17,4380.26,-31.39,-12.72
2022-02-18,4348.87,-44.11,-35.15
2022-02-22,4304.76,-79.26,142.46
2022-02-23,4225.5,63.2,32.75
2022-02-24,4288.7,95.95,-106.66
2022-02-25,4384.65,-10.71,-56.97
2022-02-28,4373.94,-67.68,147.96
2022-03-01,4306.26,80.28,-103.33
2022-03-02,4386.54,-23.05,-11.57
2022-03-03,4363.49,-34.62,-93.16
2022-03-04,4328.87,-127.78,97.39
2022-03-07,4201.09,-30.39,137.57
2022-03-08,4170.7,107.18,-125.54
2022-03-09,4277.88,-18.36,-36.85
2022-03-10,4259.52,-55.21,24.01
2022-03-11,4204.31,-31.2,120.54
2022-03-14,4173.11,89.34,6.07
2022-03-15,4262.45,95.41,-41.6
2022-03-16,4357.86,53.81,-2.36
2022-03-17,4411.67,51.45,-53.39
2022-03-18,4463.12,-1.94,52.37
2022-03-21,4461.18,50.43,-105.8
2022-03-22,4511.61,-55.37,119.29
2022-03-23,4456.24,63.92,-41.02
2022-03-24,4520.16,22.9,9.56
2022-03-25,4543.06,32.46,23.62
2022-03-28,4575.52,56.08,-85.23
2022-03-29,4631.6,-29.15,-42.89
2022-03-30,4602.45,-72.04,87.49
2022-03-31,4530.41,15.45,21.33
2022-04-01,4545.86,36.78,-94.3
2022-04-04,4582.64,-57.52,13.55
2022-04-05,4525.12,-43.97,63.03
2022-04-06,4481.15,19.06,-30.99
2022-04-07,4500.21,-11.93,-63.82
2022-04-08,4488.28,-75.75,60.67
2022-04-11,4412.53,-15.08,64.22
2022-04-12,4397.45,49.14,-103.14
2022-04-13,4446.59,-54,53.1
2022-04-14,4392.59,-0.9,71.42
2022-04-18,4391.69,70.52,-73.28
2022-04-19,4462.21,-2.76,-63.03
2022-04-20,4459.45,-65.79,-56.09
2022-04-21,4393.66,-121.88,146.22
2022-04-22,4271.78,24.34,-145.26
2022-04-25,4296.12,-120.92,129.68
2022-04-26,4175.2,8.76,94.78
2022-04-27,4183.96,103.54,-259.11
2022-04-28,4287.5,-155.57,179.02
2022-04-29,4131.93,23.45,-3.35
2022-05-02,4155.38,20.1,104.59
2022-05-03,4175.48,124.69,-277.99
2022-05-04,4300.17,-153.3,129.77
2022-05-05,4146.87,-23.53,-108.57
2022-05-06,4123.34,-132.1,141.91
2022-05-09,3991.24,9.81,-75.68
2022-05-10,4001.05,-65.87,60.77
2022-05-11,3935.18,-5.1,98.91
2022-05-12,3930.08,93.81,-109.69
2022-05-13,4023.89,-15.88,96.72
2022-05-16,4008.01,80.84,-246.01
2022-05-17,4088.85,-165.17,142.28
2022-05-18,3923.68,-22.89,23.46
2022-05-19,3900.79,0.57,71.82
2022-05-20,3901.36,72.39,-104.66
2022-05-23,3973.75,-32.27,69.52
2022-05-24,3941.48,37.25,41.86
2022-05-25,3978.73,79.11,21.29
2022-05-26,4057.84,100.4,-126.49
2022-05-27,4158.24,-26.09,-4.83
2022-05-31,4132.15,-30.92,106.51
2022-06-01,4101.23,75.59,-143.87
2022-06-02,4176.82,-68.28,81.17
2022-06-03,4108.54,12.89,26.36
2022-06-06,4121.43,39.25,-84.16
2022-06-07,4160.68,-44.91,-53.04
2022-06-08,4115.77,-97.95,-19.01
2022-06-09,4017.82,-116.96,-34.27
2022-06-10,3900.86,-151.23,137.08
2022-06-13,3749.63,-14.15,68.66
2022-06-14,3735.48,54.51,-177.73
2022-06-15,3789.99,-123.22,131.29
2022-06-16,3666.77,8.07,81.88
2022-06-17,3674.84,89.95,-94.85
2022-06-21,3764.79,-4.9,40.74
2022-06-22,3759.89,35.84,80.17
2022-06-23,3795.73,116.01,-127.64
2022-06-24,3911.74,-11.63,-66.93
2022-06-27,3900.11,-78.56,75.84
2022-06-28,3821.55,-2.72,-30.73
2022-06-29,3818.83,-33.45,73.4
2022-06-30,3785.38,39.95,-33.89
2022-07-01,3825.33,6.06,7.63
2022-07-05,3831.39,13.69,43.85
2022-07-06,3845.08,57.54,-60.78
2022-07-07,3902.62,-3.24,-41.71
2022-07-08,3899.38,-44.95,9.32
2022-07-11,3854.43,-35.63,18.61
2022-07-12,3818.8,-17.02,5.62
2022-07-13,3801.78,-11.4,84.18
2022-07-14,3790.38,72.78,-105.09
2022-07-15,3863.16,-32.31,138.15
2022-07-18,3830.85,105.84,-82.63
2022-07-19,3936.69,23.21,15.84
2022-07-20,3959.9,39.05,-76.37
2022-07-21,3998.95,-37.32,42.53
2022-07-22,3961.63,5.21,-51
2022-07-25,3966.84,-45.79,148.35
2022-07-26,3921.05,102.56,-53.74
2022-07-27,4023.61,48.82,9.04
2022-07-28,4072.43,57.86,-69.52
2022-07-29,4130.29,-11.66,-15.78
2022-08-01,4118.63,-27.44,91.42
2022-08-02,4091.19,63.98,-67.21
2022-08-03,4155.17,-3.23,-3.52
2022-08-04,4151.94,-6.75,1.62
2022-08-05,4145.19,-5.13,-12.46
2022-08-08,4140.06,-17.59,105.36
2022-08-09,4122.47,87.77,-90.74
2022-08-10,4210.24,-2.97,75.85
2022-08-11,4207.27,72.88,-55.89
2022-08-12,4280.15,16.99,-8.93
2022-08-15,4297.14,8.06,-39.22
2022-08-16,4305.2,-31.16,40.86
2022-08-17,4274.04,9.7,-64.96
2022-08-18,4283.74,-55.26,-35.23
2022-08-19,4228.48,-90.49,81.23
2022-08-22,4137.99,-9.26,21.3
2022-08-23,4128.73,12.04,46.31
2022-08-24,4140.77,58.35,-199.81
2022-08-25,4199.12,-141.46,114.41
2022-08-26,4057.66,-27.05,-17.4
2022-08-29,4030.61,-44.45,13.29
2022-08-30,3986.16,-31.16,43.01
2022-08-31,3955,11.85,-54.44
2022-09-01,3966.85,-42.59,26.52
2022-09-02,3924.26,-16.07,87.75
2022-09-06,3908.19,71.68,-45.37
2022-09-07,3979.87,26.31,34.87
2022-09-08,4006.18,61.18,-18.13
2022-09-09,4067.36,43.05,-220.77
2022-09-12,4110.41,-177.72,191.04
2022-09-13,3932.69,13.32,-57.98
2022-09-14,3946.01,-44.66,16.64
2022-09-15,3901.35,-28.02,54.58
2022-09-16,3873.33,26.56,-70.52
2022-09-19,3899.89,-43.96,-22.04
2022-09-20,3855.93,-66,34.06
2022-09-21,3789.93,-31.94,-32.82
2022-09-22,3757.99,-64.76,26.57
2022-09-23,3693.23,-38.19,30.44
2022-09-26,3655.04,-7.75,79.5
2022-09-27,3647.29,71.75,-150.32
2022-09-28,3719.04,-78.57,23.72
2022-09-29,3640.47,-54.85,147.66
2022-09-30,3585.62,92.81,19.69
2022-10-03,3678.43,112.5,-120.15
2022-10-04,3790.93,-7.65,-31.11
2022-10-05,3783.28,-38.76,-66.1
2022-10-06,3744.52,-104.86,77.59
2022-10-07,3639.66,-27.27,3.72
2022-10-10,3612.39,-23.55,11.74
2022-10-11,3588.84,-11.81,104.69
2022-10-12,3577.03,92.88,-179.72
2022-10-13,3669.91,-86.84,181.72
2022-10-14,3583.07,94.88,-52.85
2022-10-17,3677.95,42.03,-66.85
2022-10-18,3719.98,-24.82,-4.56
2022-10-19,3695.16,-29.38,116.35
2022-10-20,3665.78,86.97,-42.38
2022-10-21,3752.75,44.59,17.18
2022-10-24,3797.34,61.77,-90.28
2022-10-25,3859.11,-28.51,5.21
2022-10-26,3830.6,-23.3,117.06
2022-10-27,3807.3,93.76,-122.84
2022-10-28,3901.06,-29.08,13.2
2022-10-31,3871.98,-15.88,-80.53
2022-11-01,3856.1,-96.41,56.61
2022-11-02,3759.69,-39.8,90.46
2022-11-03,3719.89,50.66,-14.41
2022-11-04,3770.55,36.25,-14.94
2022-11-07,3806.8,21.31,-100.85
2022-11-08,3828.11,-79.54,287.34
2022-11-09,3748.57,207.8,-171.24
2022-11-10,3956.37,36.56,-72.24
2022-11-11,3992.93,-35.68,70.16
2022-11-14,3957.25,34.48,-67.42
2022-11-15,3991.73,-32.94,20.71
2022-11-16,3958.79,-12.23,31.01
2022-11-17,3946.56,18.78,-34.18
2022-11-18,3965.34,-15.4,69.04
2022-11-21,3949.94,53.64,-29.96
2022-11-22,4003.58,23.68,-24.82
2022-11-23,4027.26,-1.14,-61.04
2022-11-25,4026.12,-62.18,55.87
2022-11-28,3963.94,-6.31,128.79
2022-11-29,3957.63,122.48,-126.02
2022-11-30,4080.11,-3.54,-1.33
2022-12-01,4076.57,-4.87,-67.99
2022-12-02,4071.7,-72.86,15.28
2022-12-05,3998.84,-57.58,50.24
2022-12-06,3941.26,-7.34,36.93
2022-12-07,3933.92,29.59,-58.72
2022-12-08,3963.51,-29.13,85.31
2022-12-09,3934.38,56.18,-27.09
2022-12-12,3990.56,29.09,-53.42
2022-12-13,4019.65,-24.33,-75.24
2022-12-14,3995.32,-99.57,56.18
2022-12-15,3895.75,-43.39,8.69
2022-12-16,3852.36,-34.7,38.66
2022-12-19,3817.66,3.96,52.86
2022-12-20,3821.62,56.82,-112.87
2022-12-21,3878.44,-56.05,78.48
2022-12-22,3822.39,22.43,-38
2022-12-23,3844.82,-15.57,-30.46
2022-12-27,3829.25,-46.03,112.09
2022-12-28,3783.22,66.06,-75.84
2022-12-29,3849.28,-9.78,-5.58
2022-12-30,3839.5,-15.36,44.19
2023-01-03,3824.14,28.83,-73.7
2023-01-04,3852.97,-44.87,131.85
2023-01-05,3808.1,86.98,-89.97
2023-01-06,3895.08,-2.99,30.15
2023-01-09,3892.09,27.16,23.2
2023-01-10,3919.25,50.36,-36.8
2023-01-11,3969.61,13.56,2.36
2023-01-12,3983.17,15.92,-24.04
2023-01-13,3999.09,-8.12,-53.99
2023-01-17,3990.97,-62.11,32.1
2023-01-18,3928.86,-30.01,103.77
2023-01-19,3898.85,73.76,-26.56
2023-01-20,3972.61,47.2,-50.06
2023-01-23,4019.81,-2.86,2.13
2023-01-24,4016.95,-0.73,44.94
2023-01-25,4016.22,44.21,-34.08
2023-01-26,4060.43,10.13,-62.92
2023-01-27,4070.56,-52.79,111.62
2023-01-30,4017.77,58.83,-16.22
2023-01-31,4076.6,42.61,17.94
2023-02-01,4119.21,60.55,-103.83
2023-02-02,4179.76,-43.28,17.88
2023-02-03,4136.48,-25.4,78.32
2023-02-06,4111.08,52.92,-99.06
2023-02-07,4164,-46.14,9.78
2023-02-08,4117.86,-36.36,45.32
2023-02-09,4081.5,8.96,37.87
2023-02-10,4090.46,46.83,-47.99
2023-02-13,4137.29,-1.16,12.63
2023-02-14,4136.13,11.47,-68.66
2023-02-15,4147.6,-57.19,45.87
2023-02-16,4090.41,-11.32,-70.43
2023-02-17,4079.09,-81.75,75.46
2023-02-21,3997.34,-6.29,27.56
2023-02-22,3991.05,21.27,-63.55
2023-02-23,4012.32,-42.28,54.48
2023-02-24,3970.04,12.2,-24.29
2023-02-27,3982.24,-12.09,-6.67
2023-02-28,3970.15,-18.76,48.72
2023-03-01,3951.39,29.96,34.33
2023-03-02,3981.35,64.29,-61.51
2023-03-03,4045.64,2.78,-64.83
2023-03-06,4048.42,-62.05,67.69
2023-03-07,3986.37,5.64,-79.33
2023-03-08,3992.01,-73.69,16.96
2023-03-09,3918.32,-56.73,50.9
2023-03-10,3861.59,-5.83,69.36
2023-03-13,3855.76,63.53,-90.89
2023-03-14,3919.29,-27.36,95.71
2023-03-15,3891.93,68.35,-111.99
2023-03-16,3960.28,-43.64,78.57
2023-03-17,3916.64,34.93,0
2023-03-20,3951.57,0,0
