"date","us_ssr"
2018-01-30,1.69188645441667
2018-01-31,1.69848298569944
2018-02-01,1.71300506935511
2018-02-02,1.72317246186062
2018-02-03,1.72317246185988
2018-02-04,1.72317246185913
2018-02-05,1.69135249670441
2018-02-06,1.69515877081626
2018-02-07,1.69675960195064
2018-02-08,1.69002445255928
2018-02-09,1.68479851255741
2018-02-10,1.6847985125567
2018-02-11,1.684798512556
2018-02-12,1.68513537466076
2018-02-13,1.68288121792647
2018-02-14,1.70005056369022
2018-02-15,1.71493889933301
2018-02-16,1.71997951428899
2018-02-17,1.71997951428831
2018-02-18,1.71997951428762
2018-02-19,1.72621111846523
2018-02-20,1.73114371673416
2018-02-21,1.74494216769355
2018-02-22,1.74993330299735
2018-02-23,1.74876409609423
2018-02-24,1.74876409609355
2018-02-25,1.74876409609288
2018-02-26,1.74380938909411
2018-02-27,1.75219893422084
2018-02-28,1.75648644170832
2018-03-01,1.74961811076486
2018-03-02,1.75488101873255
2018-03-03,1.75488101873187
2018-03-04,1.75488101873119
2018-03-05,1.76302468544501
2018-03-06,1.7713986484721
2018-03-07,1.77685429749644
2018-03-08,1.77878321584599
2018-03-09,1.78397571023459
2018-03-10,1.78397571023391
2018-03-11,1.78397571023322
2018-03-12,1.78543528685163
2018-03-13,1.78331468413263
2018-03-14,1.78125505081335
2018-03-15,1.78787635695182
2018-03-16,1.79703511185414
2018-03-17,1.79703511185342
2018-03-18,1.79703511185271
2018-03-19,1.80999972199783
2018-03-20,1.82785440278833
2018-03-21,1.83704856419744
2018-03-22,1.83616812578532
2018-03-23,1.83116347179836
2018-03-24,1.83116347179763
2018-03-25,1.83116347179689
2018-03-26,1.83732844838194
2018-03-27,1.82690945827079
2018-03-28,1.82497851056026
2018-03-29,1.82320223469602
2018-03-30,1.82447048029807
2018-03-31,1.82447048029731
2018-04-01,1.82447048029655
2018-04-02,1.8210816655171
2018-04-03,1.82834351051049
2018-04-04,1.83933449594817
2018-04-05,1.85259247084568
2018-04-06,1.84959473404089
2018-04-07,1.84959473404011
2018-04-08,1.84959473403932
2018-04-09,1.85168144265237
2018-04-10,1.86143199144338
2018-04-11,1.86748907670199
2018-04-12,1.88347692045444
2018-04-13,1.89438747195203
2018-04-14,1.89438747195121
2018-04-15,1.89438747195039
2018-04-16,1.90827398854779
2018-04-17,1.91948734156291
2018-04-18,1.93607546888405
2018-04-19,1.95042372981336
2018-04-20,1.96883931599965
2018-04-21,1.96883931599881
2018-04-22,1.96883931599797
2018-04-23,1.99145494141838
2018-04-24,2.0044833849871
2018-04-25,2.01557856376392
2018-04-26,2.01913530156754
2018-04-27,2.01943079253543
2018-04-28,2.0194307925346
2018-04-29,2.01943079253377
2018-04-30,2.02103481571171
2018-05-01,2.02544311687064
2018-05-02,2.02673208111856
2018-05-03,2.02363570841742
2018-05-04,2.02488848818397
2018-05-05,2.02488848818314
2018-05-06,2.02488848818231
2018-05-07,2.0287894176041
2018-05-08,2.03599876110178
2018-05-09,2.04552368675138
2018-05-10,2.05156822857111
2018-05-11,2.05675457728691
2018-05-12,2.05675457728608
2018-05-13,2.05675457728525
2018-05-14,2.06982157011834
2018-05-15,2.08748895348387
2018-05-16,2.10082597999728
2018-05-17,2.10896545281607
2018-05-18,2.10619256157938
2018-05-19,2.10619256157856
2018-05-20,2.10619256157774
2018-05-21,2.10624874795419
2018-05-22,2.10408331946586
2018-05-23,2.08230661829657
2018-05-24,2.06788611286283
2018-05-25,2.04851323741049
2018-05-26,2.04851323740969
2018-05-27,2.0485132374089
2018-05-28,2.02894248663458
2018-05-29,1.97406255219389
2018-05-30,1.96685541271522
2018-05-31,1.96833066927804
2018-06-01,1.98312719260874
2018-06-02,1.98312719260794
2018-06-03,1.98312719260714
2018-06-04,2.00988133387441
2018-06-05,2.02142934139066
2018-06-06,2.03753372946647
2018-06-07,2.04166289869488
2018-06-08,2.04884431163798
2018-06-09,2.04884431163715
2018-06-10,2.04884431163632
2018-06-11,2.06225313471586
2018-06-12,2.07609046382593
2018-06-13,2.08813803842788
2018-06-14,2.09501587292444
2018-06-15,2.09843956971233
2018-06-16,2.09843956971148
2018-06-17,2.09843956971063
2018-06-18,2.10281053195248
2018-06-19,2.09967118403152
2018-06-20,2.10910309104981
2018-06-21,2.11134467194399
2018-06-22,2.11264163963496
2018-06-23,2.11264163963409
2018-06-24,2.11264163963323
2018-06-25,2.10968806553962
2018-06-26,2.1082924231129
2018-06-27,2.09844003614663
2018-06-28,2.09451041489983
2018-06-29,2.09827386407431
2018-06-30,2.09827386407342
2018-07-01,2.09827386407254
2018-07-02,2.10578807886325
2018-07-03,2.10578301145015
2018-07-04,2.10838794263871
2018-07-05,2.11346489960582
2018-07-06,2.1156954400676
2018-07-07,2.11569544006669
2018-07-08,2.11569544006578
2018-07-09,2.12704226172651
2018-07-10,2.13392971179791
2018-07-11,2.13933163179605
2018-07-12,2.14430533120841
2018-07-13,2.14505344913146
2018-07-14,2.14505344913053
2018-07-15,2.14505344912959
2018-07-16,2.15584405550757
2018-07-17,2.16676056475475
2018-07-18,2.17664599379027
2018-07-19,2.17912647989383
2018-07-20,2.18762098914903
2018-07-21,2.18762098914808
2018-07-22,2.18762098914712
2018-07-23,2.20856645434053
2018-07-24,2.21989555294031
2018-07-25,2.23143519124263
2018-07-26,2.2412817494618
2018-07-27,2.24560930022604
2018-07-28,2.24560930022509
2018-07-29,2.24560930022414
2018-07-30,2.25262629994574
2018-07-31,2.25278999804344
2018-08-01,2.25762505449305
2018-08-02,2.25797292553814
2018-08-03,2.25155687538784
2018-08-04,2.25155687538691
2018-08-05,2.25155687538598
2018-08-06,2.24376292944614
2018-08-07,2.24703912130283
2018-08-08,2.24647888909698
2018-08-09,2.24134323765677
2018-08-10,2.22788961236783
2018-08-11,2.22788961236691
2018-08-12,2.22788961236598
2018-08-13,2.21841246427451
2018-08-14,2.22135054398161
2018-08-15,2.21618466684444
2018-08-16,2.21599166619865
2018-08-17,2.21675020177064
2018-08-18,2.21675020176971
2018-08-19,2.21675020176878
2018-08-20,2.2080831293382
2018-08-21,2.20816681659906
2018-08-22,2.20900619594849
2018-08-23,2.21601789298166
2018-08-24,2.22046295773876
2018-08-25,2.22046295773781
2018-08-26,2.22046295773685
2018-08-27,2.23342484247771
2018-08-28,2.24807894568868
2018-08-29,2.26039130064826
2018-08-30,2.26404908991135
2018-08-31,2.26484341266109
2018-09-01,2.26484341266011
2018-09-02,2.26484341265913
2018-09-03,2.26630273470428
2018-09-04,2.27425871599671
2018-09-05,2.28151064973174
2018-09-06,2.28347756269898
2018-09-07,2.29883307779841
2018-09-08,2.29883307779742
2018-09-09,2.29883307779643
2018-09-10,2.31231740108349
2018-09-11,2.33135540610509
2018-09-12,2.34301188412398
2018-09-13,2.35476043157323
2018-09-14,2.36665212103144
2018-09-15,2.36665212103044
2018-09-16,2.36665212102944
2018-09-17,2.37579167948017
2018-09-18,2.39237583239013
2018-09-19,2.40132761036295
2018-09-20,2.40859389876363
2018-09-21,2.41062032084718
2018-09-22,2.4106203208462
2018-09-23,2.41062032084522
2018-09-24,2.41600888240267
2018-09-25,2.4194316561202
2018-09-26,2.41547945710479
2018-09-27,2.41486892732911
2018-09-28,2.41394759134696
2018-09-29,2.413947591346
2018-09-30,2.41394759134504
2018-10-01,2.41786157763556
2018-10-02,2.41701797443354
2018-10-03,2.43489459496635
2018-10-04,2.44903140767773
2018-10-05,2.46317666322293
2018-10-06,2.46317666322198
2018-10-07,2.46317666322104
2018-10-08,2.47635963236337
2018-10-09,2.47883741379079
2018-10-10,2.46656685506791
2018-10-11,2.45712407667036
2018-10-12,2.45255709055147
2018-10-13,2.45255709055055
2018-10-14,2.45255709054963
2018-10-15,2.44762849789022
2018-10-16,2.44593572423066
2018-10-17,2.45195312213764
2018-10-18,2.45169719024957
2018-10-19,2.45629910546496
2018-10-20,2.45629910546404
2018-10-21,2.45629910546313
2018-10-22,2.46285865406793
2018-10-23,2.45742610007792
2018-10-24,2.43807362598071
2018-10-25,2.43083906767129
2018-10-26,2.4183960088885
2018-10-27,2.4183960088876
2018-10-28,2.4183960088867
2018-10-29,2.41232828566
2018-10-30,2.41783114223045
2018-10-31,2.42770209015233
2018-11-01,2.4297829937452
2018-11-02,2.44503405411428
2018-11-03,2.44503405411337
2018-11-04,2.44503405411246
2018-11-05,2.45888686849596
2018-11-06,2.47342769907559
2018-11-07,2.48649416882375
2018-11-08,2.49781451898879
2018-11-09,2.49820547156535
2018-11-10,2.49820547156443
2018-11-11,2.49820547156352
2018-11-12,2.49775445044931
2018-11-13,2.48716332370011
2018-11-14,2.47559121554037
2018-11-15,2.46417197841229
2018-11-16,2.44334230146672
2018-11-17,2.44334230146581
2018-11-18,2.44334230146491
2018-11-19,2.42163403312925
2018-11-20,2.41618399376626
2018-11-21,2.41545351224846
2018-11-22,2.41647901546134
2018-11-23,2.41429994042226
2018-11-24,2.41429994042134
2018-11-25,2.41429994042042
2018-11-26,2.41764646340516
2018-11-27,2.42455670085113
2018-11-28,2.42450226925949
2018-11-29,2.42352457049947
2018-11-30,2.41819322237622
2018-12-01,2.41819322237528
2018-12-02,2.41819322237435
2018-12-03,2.41683696194483
2018-12-04,2.40772229194553
2018-12-05,2.40630622287177
2018-12-06,2.3948275864387
2018-12-07,2.37294290635118
2018-12-08,2.37294290635021
2018-12-09,2.37294290634925
2018-12-10,2.35078645119914
2018-12-11,2.35203593449435
2018-12-12,2.36476133647412
2018-12-13,2.37378536828064
2018-12-14,2.37548873619856
2018-12-15,2.37548873619755
2018-12-16,2.37548873619655
2018-12-17,2.36405441156638
2018-12-18,2.34662314241187
2018-12-19,2.33839374637712
2018-12-20,2.34650722534784
2018-12-21,2.34603930027205
2018-12-22,2.34603930027101
2018-12-23,2.34603930026998
2018-12-24,2.32445601830938
2018-12-25,2.31542555127769
2018-12-26,2.32376315117642
2018-12-27,2.32195573011757
2018-12-28,2.31283424191344
2018-12-29,2.31283424191238
2018-12-30,2.31283424191133
2018-12-31,2.30069768376368
2019-01-01,2.29635347252283
2019-01-02,2.28494242589926
2019-01-03,2.25046325877813
2019-01-04,2.25726155602017
2019-01-05,2.25726155601909
2019-01-06,2.25726155601802
2019-01-07,2.27621789572382
2019-01-08,2.30147522251437
2019-01-09,2.31124263679773
2019-01-10,2.32393517729465
2019-01-11,2.32682154354136
2019-01-12,2.32682154354024
2019-01-13,2.32682154353912
2019-01-14,2.32854031951054
2019-01-15,2.3318136561711
2019-01-16,2.33453913893743
2019-01-17,2.34313036862422
2019-01-18,2.35996443861469
2019-01-19,2.35996443861355
2019-01-20,2.35996443861241
2019-01-21,2.37427971254224
2019-01-22,2.37099611624241
2019-01-23,2.36954510638958
2019-01-24,2.3644271449035
2019-01-25,2.37122159050957
2019-01-26,2.37122159050843
2019-01-27,2.37122159050729
2019-01-28,2.37198704418454
2019-01-29,2.36702467569181
2019-01-30,2.35317932657969
2019-01-31,2.3324789304943
2019-02-01,2.32908660770221
2019-02-02,2.32908660770107
2019-02-03,2.32908660769994
2019-02-04,2.33503260354362
2019-02-05,2.3328070038992
2019-02-06,2.3312666954223
2019-02-07,2.32239127125554
2019-02-08,2.31340137202322
2019-02-09,2.31340137202209
2019-02-10,2.31340137202095
2019-02-11,2.3096978457628
2019-02-12,2.3145170700048
2019-02-13,2.32346238698681
2019-02-14,2.32074898966047
2019-02-15,2.32220720568365
2019-02-16,2.32220720568251
2019-02-17,2.32220720568137
2019-02-18,2.3237022622913
2019-02-19,2.31798689972211
2019-02-20,2.31655399482469
2019-02-21,2.32231264208082
2019-02-22,2.3186853852211
2019-02-23,2.31868538521996
2019-02-24,2.31868538521882
2019-02-25,2.31485251498988
2019-02-26,2.30778986831599
2019-02-27,2.31086055192476
2019-02-28,2.31947175532153
2019-03-01,2.33359765168692
2019-03-02,2.33359765168578
2019-03-03,2.33359765168463
2019-03-04,2.33920494748102
2019-03-05,2.34417178639032
2019-03-06,2.34232200006729
2019-03-07,2.33045700961106
2019-03-08,2.32036832454072
2019-03-09,2.32036832453959
2019-03-10,2.32036832453846
2019-03-11,2.31346857674897
2019-03-12,2.30011646905089
2019-03-13,2.29528416437466
2019-03-14,2.29137915046528
2019-03-15,2.28204134126704
2019-03-16,2.28204134126591
2019-03-17,2.28204134126478
2019-03-18,2.27634051207851
2019-03-19,2.27725953807433
2019-03-20,2.26219072318927
2019-03-21,2.25485835031336
2019-03-22,2.22821054779758
2019-03-23,2.22821054779644
2019-03-24,2.22821054779531
2019-03-25,2.17878760211866
2019-03-26,2.16434592529037
2019-03-27,2.1452769053911
2019-03-28,2.14441058819012
2019-03-29,2.15107426053163
2019-03-30,2.15107426053048
2019-03-31,2.15107426052932
2019-04-01,2.18082749136229
2019-04-02,2.19004749851793
2019-04-03,2.20504856531431
2019-04-04,2.215957825456
2019-04-05,2.22294162136885
2019-04-06,2.22294162136766
2019-04-07,2.22294162136647
2019-04-08,2.23659964791336
2019-04-09,2.23901986018777
2019-04-10,2.2340477722265
2019-04-11,2.2394615177849
2019-04-12,2.25529802192041
2019-04-13,2.25529802191921
2019-04-14,2.25529802191801
2019-04-15,2.27056905798913
2019-04-16,2.28304835816211
2019-04-17,2.29039551446857
2019-04-18,2.28934073032159
2019-04-19,2.28806743707541
2019-04-20,2.28806743707422
2019-04-21,2.28806743707302
2019-04-22,2.28685255101605
2019-04-23,2.27814344605327
2019-04-24,2.26052616333287
2019-04-25,2.25367468541863
2019-04-26,2.23815296600748
2019-04-27,2.23815296600631
2019-04-28,2.23815296600514
2019-04-29,2.22877552563989
2019-04-30,2.21748378454323
2019-05-01,2.21729947707345
2019-05-02,2.22596655518136
2019-05-03,2.22945259558451
2019-05-04,2.22945259558334
2019-05-05,2.22945259558216
2019-05-06,2.21574860827492
2019-05-07,2.20540613991155
2019-05-08,2.20401777386459
2019-05-09,2.19463578196569
2019-05-10,2.19107923924318
2019-05-11,2.191079239242
2019-05-12,2.19107923924083
2019-05-13,2.15718123688777
2019-05-14,2.14096429667929
2019-05-15,2.12262834037207
2019-05-16,2.11741175557815
2019-05-17,2.11527970339314
2019-05-18,2.11527970339197
2019-05-19,2.1152797033908
2019-05-20,2.12200128133705
2019-05-21,2.13452304822656
2019-05-22,2.13470328055251
2019-05-23,2.11836751770409
2019-05-24,2.10885407762514
2019-05-25,2.10885407762395
2019-05-26,2.10885407762276
2019-05-27,2.10134703530337
2019-05-28,2.08649931083531
2019-05-29,2.07902959365994
2019-05-30,2.06322856790354
2019-05-31,2.02273968093933
2019-06-01,2.02273968093813
2019-06-02,2.02273968093692
2019-06-03,1.94482781971731
2019-06-04,1.92335880669311
2019-06-05,1.90632889532903
2019-06-06,1.89832943336408
2019-06-07,1.88166448863582
2019-06-08,1.88166448863463
2019-06-09,1.88166448863345
2019-06-10,1.88456286767393
2019-06-11,1.88790698429115
2019-06-12,1.87655325096041
2019-06-13,1.85305548365984
2019-06-14,1.83696595766311
2019-06-15,1.83696595766192
2019-06-16,1.83696595766073
2019-06-17,1.83537350656522
2019-06-18,1.83142084862122
2019-06-19,1.79829936077958
2019-06-20,1.78339534674524
2019-06-21,1.77100783519084
2019-06-22,1.77100783518965
2019-06-23,1.77100783518846
2019-06-24,1.74292368822225
2019-06-25,1.72734606982298
2019-06-26,1.73555106006692
2019-06-27,1.73431866245787
2019-06-28,1.73580651676742
2019-06-29,1.73580651676623
2019-06-30,1.73580651676504
2019-07-01,1.75210459573648
2019-07-02,1.74626061298604
2019-07-03,1.7380514964265
2019-07-04,1.7339313223963
2019-07-05,1.75895521019826
2019-07-06,1.75895521019704
2019-07-07,1.75895521019583
2019-07-08,1.78556382595603
2019-07-09,1.80592857449672
2019-07-10,1.80228184634144
2019-07-11,1.81251874385973
2019-07-12,1.8099177972946
2019-07-13,1.80991779729337
2019-07-14,1.80991779729215
2019-07-15,1.79496585306519
2019-07-16,1.78872928016148
2019-07-17,1.76779246539675
2019-07-18,1.72919662473947
2019-07-19,1.72704285165793
2019-07-20,1.72704285165674
2019-07-21,1.72704285165555
2019-07-22,1.71923481310799
2019-07-23,1.72482428638081
2019-07-24,1.72006105869469
2019-07-25,1.72387542013717
2019-07-26,1.72589158970473
2019-07-27,1.72589158970354
2019-07-28,1.72589158970235
2019-07-29,1.72355286116867
2019-07-30,1.72458962945449
2019-07-31,1.73356597846859
2019-08-01,1.69961758283658
2019-08-02,1.66541490539655
2019-08-03,1.66541490539536
2019-08-04,1.66541490539417
2019-08-05,1.56809106098106
2019-08-06,1.52791565470295
2019-08-07,1.50252501888987
2019-08-08,1.49149803869544
2019-08-09,1.49328665199081
2019-08-10,1.49328665198961
2019-08-11,1.49328665198841
2019-08-12,1.46602818386542
2019-08-13,1.48480533874338
2019-08-14,1.46934183977127
2019-08-15,1.44228537557621
2019-08-16,1.42957062095652
2019-08-17,1.42957062095526
2019-08-18,1.42957062095401
2019-08-19,1.43927320771489
2019-08-20,1.43707755848713
2019-08-21,1.45191262759486
2019-08-22,1.47531547288845
2019-08-23,1.46834267635205
2019-08-24,1.46834267635072
2019-08-25,1.4683426763494
2019-08-26,1.46727095099116
2019-08-27,1.45900727180043
2019-08-28,1.45431109766857
2019-08-29,1.45542071986553
2019-08-30,1.45577116050325
2019-08-31,1.45577116050187
2019-09-01,1.45577116050049
2019-09-02,1.45227334399441
2019-09-03,1.43265446610599
2019-09-04,1.41808146537543
2019-09-05,1.43414333568646
2019-09-06,1.44954410980979
2019-09-07,1.44954410980838
2019-09-08,1.44954410980697
2019-09-09,1.48336533658452
2019-09-10,1.52541628802137
2019-09-11,1.54899034424401
2019-09-12,1.5744218542734
2019-09-13,1.61553011163404
2019-09-14,1.61553011163261
2019-09-15,1.61553011163117
2019-09-16,1.63448951258548
2019-09-17,1.64051546555934
2019-09-18,1.64333206407182
2019-09-19,1.63740446626643
2019-09-20,1.62549070281457
2019-09-21,1.62549070281316
2019-09-22,1.62549070281175
2019-09-23,1.60967620015665
2019-09-24,1.57660735087132
2019-09-25,1.57667762406567
2019-09-26,1.57236323008819
2019-09-27,1.56623774001314
2019-09-28,1.56623774001175
2019-09-29,1.56623774001036
2019-09-30,1.5568206204911
2019-10-01,1.53030454864679
2019-10-02,1.49614053016406
2019-10-03,1.44923132763337
2019-10-04,1.42371927969212
2019-10-05,1.42371927969078
2019-10-06,1.42371927968945
2019-10-07,1.41129368669955
2019-10-08,1.38789603097923
2019-10-09,1.38741799870215
2019-10-10,1.4044918457355
2019-10-11,1.43528381984777
2019-10-12,1.43528381984644
2019-10-13,1.43528381984511
2019-10-14,1.45810646173713
2019-10-15,1.48540253612819
2019-10-16,1.48801391477612
2019-10-17,1.49140611035544
2019-10-18,1.48665743501346
2019-10-19,1.48665743501216
2019-10-20,1.48665743501085
2019-10-21,1.49284568394115
2019-10-22,1.48058327285041
2019-10-23,1.47053363979387
2019-10-24,1.46004468315835
2019-10-25,1.45902264072274
2019-10-26,1.45902264072149
2019-10-27,1.45902264072024
2019-10-28,1.46745308823933
2019-10-29,1.46696937545476
2019-10-30,1.45164813452882
2019-10-31,1.42122786157199
2019-11-01,1.41119583292439
2019-11-02,1.41119583292318
2019-11-03,1.41119583292197
2019-11-04,1.41723041746224
2019-11-05,1.43433966550444
2019-11-06,1.43660276066802
2019-11-07,1.45245955301506
2019-11-08,1.46523278981785
2019-11-09,1.46523278981666
2019-11-10,1.46523278981547
2019-11-11,1.47511304588254
2019-11-12,1.47530234359011
2019-11-13,1.46187674281058
2019-11-14,1.43986809857069
2019-11-15,1.42830674548081
2019-11-16,1.42830674547966
2019-11-17,1.42830674547852
2019-11-18,1.41107167746259
2019-11-19,1.39422286773374
2019-11-20,1.37773487722711
2019-11-21,1.37271320937992
2019-11-22,1.37194996499217
2019-11-23,1.37194996499103
2019-11-24,1.37194996498989
2019-11-25,1.37331238448839
2019-11-26,1.37192838565085
2019-11-27,1.38072241412983
2019-11-28,1.38535137612169
2019-11-29,1.38891190127619
2019-11-30,1.38891190127503
2019-12-01,1.38891190127388
2019-12-02,1.39955378193112
2019-12-03,1.38178130599399
2019-12-04,1.38248240379785
2019-12-05,1.38932581485668
2019-12-06,1.40013778935287
2019-12-07,1.40013778935172
2019-12-08,1.40013778935057
2019-12-09,1.40786685158053
2019-12-10,1.4170621031117
2019-12-11,1.4138000109729
2019-12-12,1.43011370299136
2019-12-13,1.42782111087761
2019-12-14,1.42782111087647
2019-12-15,1.42782111087533
2019-12-16,1.44062706314864
2019-12-17,1.4480754668567
2019-12-18,1.45565412296128
2019-12-19,1.46008843143239
2019-12-20,1.46376807266934
2019-12-21,1.46376807266822
2019-12-22,1.4637680726671
2019-12-23,1.47166512010998
2019-12-24,1.46547238734275
2019-12-25,1.46015692646868
2019-12-26,1.45868222040131
2019-12-27,1.45258613011466
2019-12-28,1.45258613011356
2019-12-29,1.45258613011246
2019-12-30,1.44818604757801
2019-12-31,1.45293180880014
2020-01-01,1.45126691132916
2020-01-02,1.44406809123045
2020-01-03,1.42433918698053
2020-01-04,1.42433918697945
2020-01-05,1.42433918697838
2020-01-06,1.40533043899502
2020-01-07,1.3971631488109
2020-01-08,1.40421160435093
2020-01-09,1.40687980253208
2020-01-10,1.40523219979919
2020-01-11,1.40523219979812
2020-01-12,1.40523219979704
2020-01-13,1.41046119016971
2020-01-14,1.40997310019654
2020-01-15,1.40805613951094
2020-01-16,1.4104388872472
2020-01-17,1.41394575240618
2020-01-18,1.41394575240509
2020-01-19,1.413945752404
2020-01-20,1.4180404448716
2020-01-21,1.41056225692256
2020-01-22,1.40502560510199
2020-01-23,1.39493371726838
2020-01-24,1.38222943142582
2020-01-25,1.38222943142472
2020-01-26,1.38222943142362
2020-01-27,1.34688707781684
2020-01-28,1.3421051978633
2020-01-29,1.32975535608464
2020-01-30,1.32216394386544
2020-01-31,1.2940412198764
2020-02-01,1.29404121987528
2020-02-02,1.29404121987416
2020-02-03,1.28313779140708
2020-02-04,1.299756873292
2020-02-05,1.32279984237064
2020-02-06,1.33865764764632
2020-02-07,1.33903324361817
2020-02-08,1.33903324361701
2020-02-09,1.33903324361585
2020-02-10,1.33292116127267
2020-02-11,1.33818409327657
2020-02-12,1.3512640116254
2020-02-13,1.35493319758693
2020-02-14,1.35100539706355
2020-02-15,1.35100539706237
2020-02-16,1.35100539706119
2020-02-17,1.34724315558499
2020-02-18,1.3426077711523
2020-02-19,1.34162761431471
2020-02-20,1.33168074967542
2020-02-21,1.3143904156687
2020-02-22,1.3143904156675
2020-02-23,1.3143904156663
2020-02-24,1.26153836933079
2020-02-25,1.2302082377277
2020-02-26,1.19983930087743
2020-02-27,1.13868278795761
2020-02-28,1.05598092174166
2020-02-29,1.05598092174049
2020-03-01,1.05598092173933
2020-03-02,0.960336025364908
2020-03-03,0.81278463973209
2020-03-04,0.725398365494318
2020-03-05,0.61427890564943
2020-03-06,0.513053005940636
2020-03-07,0.513053005939645
2020-03-08,0.513053005938653
2020-03-09,0.335405354018548
2020-03-10,0.28798450103205
2020-03-11,0.22678008363272
2020-03-12,0.157202498369505
2020-03-13,0.12657205466761
2020-03-14,0.126572054666717
2020-03-15,0.126572054665825
2020-03-16,0.0587320135007612
2020-03-17,0.0490357094316348
2020-03-18,0.0365533735689262
2020-03-19,0.00572222465142457
2020-03-20,-0.0488348360989402
2020-03-21,-0.0488348360997706
2020-03-22,-0.048834836100601
2020-03-23,-0.113530967752104
2020-03-24,-0.148849401331715
2020-03-25,-0.171777870596755
2020-03-26,-0.200123171869407
2020-03-27,-0.244894637090705
2020-03-28,-0.244894637091484
2020-03-29,-0.244894637092264
2020-03-30,-0.277930084129606
2020-03-31,-0.307603794382911
2020-04-01,-0.340673005607333
2020-04-02,-0.368829019788775
2020-04-03,-0.394757184174891
2020-04-04,-0.394757184175622
2020-04-05,-0.394757184176353
2020-04-06,-0.409549208733284
2020-04-07,-0.414512619722075
2020-04-08,-0.413456211770287
2020-04-09,-0.420192322670842
2020-04-10,-0.428383783973357
2020-04-11,-0.42838378397405
2020-04-12,-0.428383783974742
2020-04-13,-0.427317812863781
2020-04-14,-0.434160986533062
2020-04-15,-0.467022523023066
2020-04-16,-0.495761145075674
2020-04-17,-0.521724858919523
2020-04-18,-0.521724858920159
2020-04-19,-0.521724858920796
2020-04-20,-0.556159744051653
2020-04-21,-0.592365702205654
2020-04-22,-0.619545968236653
2020-04-23,-0.647013463270865
2020-04-24,-0.671394133316415
2020-04-25,-0.671394133317007
2020-04-26,-0.671394133317599
2020-04-27,-0.688284848413224
2020-04-28,-0.712748392858746
2020-04-29,-0.734319368273353
2020-04-30,-0.754578073353821
2020-05-01,-0.778643233938035
2020-05-02,-0.778643233938586
2020-05-03,-0.778643233939138
2020-05-04,-0.802627404635018
2020-05-05,-0.821066425186715
2020-05-06,-0.839629305071012
2020-05-07,-0.873776886780381
2020-05-08,-0.897925158744387
2020-05-09,-0.897925158744882
2020-05-10,-0.897925158745377
2020-05-11,-0.921233679187404
2020-05-12,-0.951655320449167
2020-05-13,-0.980566795061735
2020-05-14,-1.01103800824818
2020-05-15,-1.03357220211824
2020-05-16,-1.03357220211867
2020-05-17,-1.0335722021191
2020-05-18,-1.03708919894951
2020-05-19,-1.04959663176546
2020-05-20,-1.061582656844
2020-05-21,-1.07434804590159
2020-05-22,-1.08963675991547
2020-05-23,-1.08963675991584
2020-05-24,-1.08963675991622
2020-05-25,-1.10532563509223
2020-05-26,-1.11522246517673
2020-05-27,-1.12805688388576
2020-05-28,-1.14048734977494
2020-05-29,-1.16223552633837
2020-05-30,-1.16223552633868
2020-05-31,-1.162235526339
2020-06-01,-1.18401892654889
2020-06-02,-1.20175488242311
2020-06-03,-1.20774890300553
2020-06-04,-1.19857074653938
2020-06-05,-1.17304836585593
2020-06-06,-1.17304836585619
2020-06-07,-1.17304836585645
2020-06-08,-1.15330804385096
2020-06-09,-1.1538576121947
2020-06-10,-1.18047529534733
2020-06-11,-1.21609912501993
2020-06-12,-1.24390661829215
2020-06-13,-1.24390661829235
2020-06-14,-1.24390661829254
2020-06-15,-1.26700475252366
2020-06-16,-1.28518308059847
2020-06-17,-1.3087008952807
2020-06-18,-1.33552269772261
2020-06-19,-1.3628175924433
2020-06-20,-1.36281759244342
2020-06-21,-1.36281759244355
2020-06-22,-1.38653768978453
2020-06-23,-1.40887968618805
2020-06-24,-1.43538393924211
2020-06-25,-1.45930349885488
2020-06-26,-1.49088208805067
2020-06-27,-1.49088208805073
2020-06-28,-1.49088208805079
2020-06-29,-1.52625163428027
2020-06-30,-1.5533367090575
2020-07-01,-1.57424523374519
2020-07-02,-1.59701832807221
2020-07-03,-1.61852848130489
2020-07-04,-1.61852848130489
2020-07-05,-1.61852848130489
2020-07-06,-1.63973124268118
2020-07-07,-1.66611560713013
2020-07-08,-1.68709024011427
2020-07-09,-1.71338236423574
2020-07-10,-1.73169941015965
2020-07-11,-1.7316994101596
2020-07-12,-1.73169941015955
2020-07-13,-1.75591535564229
2020-07-14,-1.77661637740597
2020-07-15,-1.7953382664219
2020-07-16,-1.81473833809237
2020-07-17,-1.83069264527262
2020-07-18,-1.83069264527253
2020-07-19,-1.83069264527244
2020-07-20,-1.851088231038
2020-07-21,-1.87123234087393
2020-07-22,-1.88995338960009
2020-07-23,-1.91020151313902
2020-07-24,-1.92818077002103
2020-07-25,-1.9281807700209
2020-07-26,-1.92818077002077
2020-07-27,-1.94142127914116
2020-07-28,-1.96096006349804
2020-07-29,-1.98095994839305
2020-07-30,-2.00517395099406
2020-07-31,-2.03269216427689
2020-08-01,-2.03269216427671
2020-08-02,-2.03269216427654
2020-08-03,-2.05356116718124
2020-08-04,-2.08094332285108
2020-08-05,-2.09838867937977
2020-08-06,-2.11627940673104
2020-08-07,-2.12602779410072
2020-08-08,-2.12602779410051
2020-08-09,-2.1260277941003
2020-08-10,-2.13254845918321
2020-08-11,-2.12960269954234
2020-08-12,-2.12154496619668
2020-08-13,-2.10940360683214
2020-08-14,-2.0989463682222
2020-08-15,-2.09894636822196
2020-08-16,-2.09894636822172
2020-08-17,-2.0948669752119
2020-08-18,-2.0987264154847
2020-08-19,-2.10079301470699
2020-08-20,-2.10826649575236
2020-08-21,-2.1194269066571
2020-08-22,-2.11942690665682
2020-08-23,-2.11942690665654
2020-08-24,-2.12605699820292
2020-08-25,-2.12484082809044
2020-08-26,-2.12289493046791
2020-08-27,-2.10863673307579
2020-08-28,-2.10722678185101
2020-08-29,-2.10722678185069
2020-08-30,-2.10722678185037
2020-08-31,-2.10995625222206
2020-09-01,-2.12216471417455
2020-09-02,-2.13598418997558
2020-09-03,-2.15287267607306
2020-09-04,-2.15205604820079
2020-09-05,-2.15205604820042
2020-09-06,-2.15205604820005
2020-09-07,-2.14884493973665
2020-09-08,-2.16350343919396
2020-09-09,-2.17250503677096
2020-09-10,-2.18808104402702
2020-09-11,-2.20720473202373
2020-09-12,-2.20720473202331
2020-09-13,-2.20720473202288
2020-09-14,-2.22402151945193
2020-09-15,-2.23878719195299
2020-09-16,-2.2509546382048
2020-09-17,-2.26437853256196
2020-09-18,-2.27647925785474
2020-09-19,-2.27647925785426
2020-09-20,-2.27647925785378
2020-09-21,-2.2946745691083
2020-09-22,-2.31080378850722
2020-09-23,-2.3259437220507
2020-09-24,-2.34060434858543
2020-09-25,-2.35612527667714
2020-09-26,-2.3561252766766
2020-09-27,-2.35612527667607
2020-09-28,-2.37163142455569
2020-09-29,-2.38825237140653
2020-09-30,-2.40006257272537
2020-10-01,-2.41262390696682
2020-10-02,-2.42269976216703
2020-10-03,-2.42269976216643
2020-10-04,-2.42269976216584
2020-10-05,-2.41314364414007
2020-10-06,-2.4168035518639
2020-10-07,-2.4101756205865
2020-10-08,-2.40358602122216
2020-10-09,-2.40077249024622
2020-10-10,-2.40077249024559
2020-10-11,-2.40077249024497
2020-10-12,-2.39906641316185
2020-10-13,-2.41224144380476
2020-10-14,-2.42665911206082
2020-10-15,-2.43820241244826
2020-10-16,-2.44639041175123
2020-10-17,-2.44639041175056
2020-10-18,-2.44639041174989
2020-10-19,-2.44960218111235
2020-10-20,-2.45062611182398
2020-10-21,-2.44519625048373
2020-10-22,-2.43472253861435
2020-10-23,-2.4276965492863
2020-10-24,-2.4276965492856
2020-10-25,-2.42769654928491
2020-10-26,-2.43315472599078
2020-10-27,-2.44846088176093
2020-10-28,-2.46150520935971
2020-10-29,-2.46334901678207
2020-10-30,-2.45675982231588
2020-10-31,-2.45675982231515
2020-11-01,-2.45675982231442
2020-11-02,-2.45955053290949
2020-11-03,-2.4513040847139
2020-11-04,-2.47287260565909
2020-11-05,-2.49197704028043
2020-11-06,-2.49817141425622
2020-11-07,-2.49817141425545
2020-11-08,-2.49817141425469
2020-11-09,-2.47678531989758
2020-11-10,-2.44874813208579
2020-11-11,-2.4255512043316
2020-11-12,-2.43025317836055
2020-11-13,-2.42992313362005
2020-11-14,-2.42992313361928
2020-11-15,-2.42992313361851
2020-11-16,-2.42633735946103
2020-11-17,-2.43736785490088
2020-11-18,-2.44174744795331
2020-11-19,-2.45389859336814
2020-11-20,-2.46517557370878
2020-11-21,-2.46517557370799
2020-11-22,-2.4651755737072
2020-11-23,-2.46917859650806
2020-11-24,-2.46718786424803
2020-11-25,-2.46592765979
2020-11-26,-2.46678420393218
2020-11-27,-2.47636928288643
2020-11-28,-2.47636928288563
2020-11-29,-2.47636928288483
2020-11-30,-2.48192190655389
2020-12-01,-2.46586455939307
2020-12-02,-2.45325221603274
2020-12-03,-2.44850255513724
2020-12-04,-2.43315774242851
2020-12-05,-2.4331577424277
2020-12-06,-2.4331577424269
2020-12-07,-2.43111218748248
2020-12-08,-2.42749519687003
2020-12-09,-2.42077299235075
2020-12-10,-2.42189968137168
2020-12-11,-2.42768691578586
2020-12-12,-2.42768691578503
2020-12-13,-2.42768691578421
2020-12-14,-2.43222581170645
2020-12-15,-2.43403991060256
2020-12-16,-2.43557205445186
2020-12-17,-2.43358743846689
2020-12-18,-2.43023734681229
2020-12-19,-2.43023734681144
2020-12-20,-2.4302373468106
2020-12-21,-2.42863760955699
2020-12-22,-2.4326433239038
2020-12-23,-2.43169956193516
2020-12-24,-2.4348165408986
2020-12-25,-2.43739133889315
2020-12-26,-2.43739133889228
2020-12-27,-2.43739133889141
2020-12-28,-2.44068441366918
2020-12-29,-2.44184466893309
2020-12-30,-2.44970505220547
2020-12-31,-2.46092358200851
2021-01-01,-2.47051172835189
2021-01-02,-2.47051172835099
2021-01-03,-2.4705117283501
2021-01-04,-2.48609452545306
2021-01-05,-2.49091601947213
2021-01-06,-2.47941151424834
2021-01-07,-2.45448132987834
2021-01-08,-2.42140886824992
2021-01-09,-2.42140886824901
2021-01-10,-2.42140886824811
2021-01-11,-2.37928252528364
2021-01-12,-2.34642996867176
2021-01-13,-2.33392315143191
2021-01-14,-2.31825980007179
2021-01-15,-2.3180404645119
2021-01-16,-2.31804046451099
2021-01-17,-2.3180404645101
2021-01-18,-2.31708838306502
2021-01-19,-2.31967911577447
2021-01-20,-2.32485757305258
2021-01-21,-2.32423625005039
2021-01-22,-2.32745712852901
2021-01-23,-2.32745712852808
2021-01-24,-2.32745712852716
2021-01-25,-2.34304587176725
2021-01-26,-2.35517820040901
2021-01-27,-2.36830103699973
2021-01-28,-2.37256742671261
2021-01-29,-2.37448944637707
2021-01-30,-2.37448944637612
2021-01-31,-2.37448944637517
2021-02-01,-2.3710891946154
2021-02-02,-2.3626686442945
2021-02-03,-2.345517658826
2021-02-04,-2.32997813858832
2021-02-05,-2.31311011598273
2021-02-06,-2.31311011598178
2021-02-07,-2.31311011598082
2021-02-08,-2.29094290739295
2021-02-09,-2.27771847770477
2021-02-10,-2.27693403176535
2021-02-11,-2.26928270109501
2021-02-12,-2.25174448166827
2021-02-13,-2.2517444816673
2021-02-14,-2.25174448166633
2021-02-15,-2.23087666542419
2021-02-16,-2.18555666034694
2021-02-17,-2.1611390662012
2021-02-18,-2.13598128101622
2021-02-19,-2.10291241642912
2021-02-20,-2.10291241642817
2021-02-21,-2.10291241642721
2021-02-22,-2.06109147813268
2021-02-23,-2.04059409577761
2021-02-24,-2.02254584819072
2021-02-25,-1.94787793816991
2021-02-26,-1.91021632608711
2021-02-27,-1.9102163260862
2021-02-28,-1.91021632608529
2021-03-01,-1.87352482276448
2021-03-02,-1.85637233254586
2021-03-03,-1.81872269179306
2021-03-04,-1.76592035693958
2021-03-05,-1.72482269501083
2021-03-06,-1.72482269500997
2021-03-07,-1.72482269500911
2021-03-08,-1.67647112511261
2021-03-09,-1.65945865266021
2021-03-10,-1.64884389397282
2021-03-11,-1.63406830993909
2021-03-12,-1.60539096516413
2021-03-13,-1.60539096516331
2021-03-14,-1.60539096516249
2021-03-15,-1.58500001011021
2021-03-16,-1.57002613101638
2021-03-17,-1.56363332698202
2021-03-18,-1.54571824407067
2021-03-19,-1.51959451064877
2021-03-20,-1.51959451064795
2021-03-21,-1.51959451064713
2021-03-22,-1.50141119988297
2021-03-23,-1.5035990170427
2021-03-24,-1.50627768120113
2021-03-25,-1.50462382290296
2021-03-26,-1.49556038864352
2021-03-27,-1.49556038864269
2021-03-28,-1.49556038864187
2021-03-29,-1.4764509991678
2021-03-30,-1.45886456742765
2021-03-31,-1.43302923892739
2021-04-01,-1.42387857770325
2021-04-02,-1.3950971472389
2021-04-03,-1.3950971472381
2021-04-04,-1.3950971472373
2021-04-05,-1.37938306762565
2021-04-06,-1.38340859278254
2021-04-07,-1.38581904739671
2021-04-08,-1.40011993998811
2021-04-09,-1.40450142789237
2021-04-10,-1.40450142789157
2021-04-11,-1.40450142789077
2021-04-12,-1.40525146688427
2021-04-13,-1.42122335855704
2021-04-14,-1.42924802128496
2021-04-15,-1.44367233884708
2021-04-16,-1.45431936754271
2021-04-17,-1.4543193675419
2021-04-18,-1.4543193675411
2021-04-19,-1.46457931251879
2021-04-20,-1.47975171433868
2021-04-21,-1.4907339617017
2021-04-22,-1.4989207331116
2021-04-23,-1.49895951239188
2021-04-24,-1.49895951239108
2021-04-25,-1.49895951239027
2021-04-26,-1.49782517700294
2021-04-27,-1.48406062323697
2021-04-28,-1.47678084070243
2021-04-29,-1.46630079235653
2021-04-30,-1.45963434620237
2021-05-01,-1.45963434620159
2021-05-02,-1.4596343462008
2021-05-03,-1.46040604260622
2021-05-04,-1.46343160209601
2021-05-05,-1.47123327869035
2021-05-06,-1.47501385622401
2021-05-07,-1.48538716520641
2021-05-08,-1.48538716520562
2021-05-09,-1.48538716520484
2021-05-10,-1.4944000540637
2021-05-11,-1.49752177103622
2021-05-12,-1.48216936615606
2021-05-13,-1.48260525121513
2021-05-14,-1.48371714454758
2021-05-15,-1.48371714454679
2021-05-16,-1.483717144546
2021-05-17,-1.48123077713778
2021-05-18,-1.48149911508235
2021-05-19,-1.47148283309782
2021-05-20,-1.47241819395477
2021-05-21,-1.47211076215197
2021-05-22,-1.47211076215118
2021-05-23,-1.47211076215039
2021-05-24,-1.47771306624348
2021-05-25,-1.49318426690416
2021-05-26,-1.50017601416144
2021-05-27,-1.49730630692383
2021-05-28,-1.49614071423089
2021-05-29,-1.4961407142301
2021-05-30,-1.49614071422931
2021-05-31,-1.49544127623308
2021-06-01,-1.4903304748292
2021-06-02,-1.49123002717806
2021-06-03,-1.48084829126803
2021-06-04,-1.48845843940747
2021-06-05,-1.48845843940668
2021-06-06,-1.4884584394059
2021-06-07,-1.49294031276448
2021-06-08,-1.50209877861629
2021-06-09,-1.51672315273928
2021-06-10,-1.53786442537008
2021-06-11,-1.54705946213889
2021-06-12,-1.54705946213811
2021-06-13,-1.54705946213733
2021-06-14,-1.54489053411125
2021-06-15,-1.54247987043188
2021-06-16,-1.50558995744569
2021-06-17,-1.47949051059241
2021-06-18,-1.46200245126902
2021-06-19,-1.46200245126831
2021-06-20,-1.4620024512676
2021-06-21,-1.43689530191938
2021-06-22,-1.41923603409408
2021-06-23,-1.38931910852821
2021-06-24,-1.35761471165326
2021-06-25,-1.32277935364865
2021-06-26,-1.32277935364805
2021-06-27,-1.32277935364744
2021-06-28,-1.29560259921778
2021-06-29,-1.26908437717803
2021-06-30,-1.24294141621717
2021-07-01,-1.21485997971693
2021-07-02,-1.19957687233732
2021-07-03,-1.1995768723368
2021-07-04,-1.19957687233629
2021-07-05,-1.18376439584616
2021-07-06,-1.18749393694763
2021-07-07,-1.19060109585532
2021-07-08,-1.1993487524774
2021-07-09,-1.1876338320565
2021-07-10,-1.18763383205604
2021-07-11,-1.18763383205559
2021-07-12,-1.17673806006307
2021-07-13,-1.14636481393223
2021-07-14,-1.13641609384755
2021-07-15,-1.13307513494911
2021-07-16,-1.12773696274174
2021-07-17,-1.12773696274135
2021-07-18,-1.12773696274095
2021-07-19,-1.15333438508504
2021-07-20,-1.16811691654379
2021-07-21,-1.16112995312424
2021-07-22,-1.15676422960271
2021-07-23,-1.15315711498693
2021-07-24,-1.15315711498657
2021-07-25,-1.1531571149862
2021-07-26,-1.1447672135074
2021-07-27,-1.14680066666381
2021-07-28,-1.14513104582295
2021-07-29,-1.13342608397689
2021-07-30,-1.13437473148726
2021-07-31,-1.13437473148692
2021-08-01,-1.13437473148657
2021-08-02,-1.14768346771541
2021-08-03,-1.16084271171401
2021-08-04,-1.162146496359
2021-08-05,-1.14756728010263
2021-08-06,-1.11800076629926
2021-08-07,-1.11800076629895
2021-08-08,-1.11800076629863
2021-08-09,-1.08034446732587
2021-08-10,-1.03771261647833
2021-08-11,-1.00894770509486
2021-08-12,-0.977640848542793
2021-08-13,-0.966388527643657
2021-08-14,-0.966388527643407
2021-08-15,-0.966388527643157
2021-08-16,-0.959489281744318
2021-08-17,-0.948674072061595
2021-08-18,-0.938256841411753
2021-08-19,-0.929148045651048
2021-08-20,-0.91709990266074
2021-08-21,-0.917099902660535
2021-08-22,-0.917099902660329
2021-08-23,-0.908207426650626
2021-08-24,-0.888808246085862
2021-08-25,-0.861475955547063
2021-08-26,-0.833293431677782
2021-08-27,-0.822336483684722
2021-08-28,-0.822336483684565
2021-08-29,-0.822336483684408
2021-08-30,-0.8215684849613
2021-08-31,-0.816777075998506
2021-09-01,-0.813557194708494
2021-09-02,-0.813674707251033
2021-09-03,-0.807841726656165
2021-09-04,-0.807841726656022
2021-09-05,-0.807841726655879
2021-09-06,-0.802082121335797
2021-09-07,-0.785074459997476
2021-09-08,-0.774502639806694
2021-09-09,-0.771775596295594
2021-09-10,-0.760177478166451
2021-09-11,-0.760177478166326
2021-09-12,-0.7601774781662
2021-09-13,-0.754416387337295
2021-09-14,-0.754303887065004
2021-09-15,-0.748788535334659
2021-09-16,-0.730585708632494
2021-09-17,-0.708551689667384
2021-09-18,-0.708551689667292
2021-09-19,-0.7085516896672
2021-09-20,-0.700840265505532
2021-09-21,-0.692725017873097
2021-09-22,-0.678154814470486
2021-09-23,-0.636088861601713
2021-09-24,-0.598631920540628
2021-09-25,-0.598631920540591
2021-09-26,-0.598631920540554
2021-09-27,-0.551939778102613
2021-09-28,-0.511695476878263
2021-09-29,-0.491320648714381
2021-09-30,-0.481657055001554
2021-10-01,-0.48341774288338
2021-10-02,-0.483417742883372
2021-10-03,-0.483417742883365
2021-10-04,-0.4813917077033
2021-10-05,-0.470507859700291
2021-10-06,-0.459782196216835
2021-10-07,-0.439956879854197
2021-10-08,-0.413934613070147
2021-10-09,-0.413934613070144
2021-10-10,-0.413934613070142
2021-10-11,-0.383140310633658
2021-10-12,-0.362484301055719
2021-10-13,-0.346838010915721
2021-10-14,-0.337485198833097
2021-10-15,-0.310639430139384
2021-10-16,-0.310639430139424
2021-10-17,-0.310639430139464
2021-10-18,-0.268744824190369
2021-10-19,-0.23837385333185
2021-10-20,-0.215459695025336
2021-10-21,-0.17557258495146
2021-10-22,-0.153338271096441
2021-10-23,-0.15333827109654
2021-10-24,-0.15333827109664
2021-10-25,-0.137349047106892
2021-10-26,-0.125820348920385
2021-10-27,-0.118791664541762
2021-10-28,-0.115136877527254
2021-10-29,-0.10571665904761
2021-10-30,-0.105716659047751
2021-10-31,-0.105716659047892
2021-11-01,-0.0965551250981422
2021-11-02,-0.0957397609004304
2021-11-03,-0.0806111358895665
2021-11-04,-0.0865128044317553
2021-11-05,-0.104914466661891
2021-11-06,-0.104914466662056
2021-11-07,-0.104914466662221
2021-11-08,-0.105051548342005
2021-11-09,-0.111470514163333
2021-11-10,-0.0785112460571349
2021-11-11,-0.0481785839923064
2021-11-12,-0.0218671860248168
2021-11-13,-0.0218671860250423
2021-11-14,-0.0218671860252678
2021-11-15,0.0128907988305626
2021-11-16,0.0371248303025033
2021-11-17,0.0432872791611479
2021-11-18,0.0444757429187124
2021-11-19,0.0496252989090968
2021-11-20,0.0496252989088453
2021-11-21,0.0496252989085937
2021-11-22,0.0826912642156095
2021-11-23,0.102704798026617
2021-11-24,0.117987970562367
2021-11-25,0.128278021846902
2021-11-26,0.0986624362688475
2021-11-27,0.0986624362685783
2021-11-28,0.098662436268309
2021-11-29,0.0699154828453646
2021-11-30,0.0626203258653181
2021-12-01,0.0532109099392955
2021-12-02,0.061817475055842
2021-12-03,0.0567561755894876
2021-12-04,0.0567561755891913
2021-12-05,0.056756175588895
2021-12-06,0.0748705066011855
2021-12-07,0.102471367051978
2021-12-08,0.121984152337839
2021-12-09,0.135215768164986
2021-12-10,0.140065474392774
2021-12-11,0.140065474392434
2021-12-12,0.140065474392095
2021-12-13,0.132344501029528
2021-12-14,0.136221223295326
2021-12-15,0.14333551182036
2021-12-16,0.135154602686741
2021-12-17,0.133173654564724
2021-12-18,0.133173654564366
2021-12-19,0.133173654564007
2021-12-20,0.134155620158418
2021-12-21,0.146819032151636
2021-12-22,0.156983204643724
2021-12-23,0.170481673368536
2021-12-24,0.17956527701171
2021-12-25,0.179565277011328
2021-12-26,0.179565277010946
2021-12-27,0.191364162844019
2021-12-28,0.199673782847825
2021-12-29,0.212052561470288
2021-12-30,0.212922502145279
2021-12-31,0.215719955952288
2022-01-01,0.215719955951896
2022-01-02,0.215719955951503
2022-01-03,0.237112902027253
2022-01-04,0.246744638903072
2022-01-05,0.269030994374795
2022-01-06,0.29034145609638
2022-01-07,0.310317835661888
2022-01-08,0.3103178356615
2022-01-09,0.310317835661112
2022-01-10,0.338855106699286
2022-01-11,0.345684412761534
2022-01-12,0.354077070958782
2022-01-13,0.352517719735649
2022-01-14,0.369251171235598
2022-01-15,0.369251171235217
2022-01-16,0.369251171234835
2022-01-17,0.393308229105505
2022-01-18,0.42556706991899
2022-01-19,0.442799677310469
2022-01-20,0.443319148462159
2022-01-21,0.437244970316434
2022-01-22,0.437244970316052
2022-01-23,0.437244970315669
2022-01-24,0.427652705934252
2022-01-25,0.426624342633277
2022-01-26,0.458583497507394
2022-01-27,0.480378711716228
2022-01-28,0.490101470309562
2022-01-29,0.490101470309167
2022-01-30,0.490101470308772
2022-01-31,0.508613835804813
2022-02-01,0.515765968448421
2022-02-02,0.518253317807137
2022-02-03,0.535272672741788
2022-02-04,0.576558428180747
2022-02-05,0.576558428180322
2022-02-06,0.576558428179896
2022-02-07,0.61236475469842
2022-02-08,0.646716618309175
2022-02-09,0.670018239554477
2022-02-10,0.740740301349134
2022-02-11,0.765574186301774
2022-02-12,0.765574186301293
2022-02-13,0.765574186300811
2022-02-14,0.808608400778601
2022-02-15,0.83593297033117
2022-02-16,0.840586455174297
2022-02-17,0.826517079377531
2022-02-18,0.80852993131512
2022-02-19,0.808529931314635
2022-02-20,0.808529931314151
2022-02-21,0.792542020416568
2022-02-22,0.80945036342417
2022-02-23,0.829510737373136
2022-02-24,0.829390822735112
2022-02-25,0.831488341220913
2022-02-26,0.831488341220418
2022-02-27,0.831488341219924
2022-02-28,0.78328926237756
2022-03-01,0.724265792805862
2022-03-02,0.736846816502167
2022-03-03,0.745616633656354
2022-03-04,0.732936076595971
2022-03-05,0.732936076595478
2022-03-06,0.732936076594985
2022-03-07,0.740870220960426
2022-03-08,0.76467346053105
2022-03-09,0.809368076772464
2022-03-10,0.845694105664007
2022-03-11,0.882394853362609
2022-03-12,0.882394853362052
2022-03-13,0.882394853361495
2022-03-14,0.963755218042286
2022-03-15,1.00965388504037
2022-03-16,1.05151155149692
2022-03-17,1.07294018648904
2022-03-18,1.09679995660571
2022-03-19,1.09679995660511
2022-03-20,1.09679995660452
2022-03-21,1.17694775194907
2022-03-22,1.23708300896712
2022-03-23,1.25522883452383
2022-03-24,1.28831647673267
2022-03-25,1.33834113671733
2022-03-26,1.33834113671669
2022-03-27,1.33834113671606
2022-03-28,1.40091927757944
2022-03-29,1.42618553537516
2022-03-30,1.42878696411215
2022-03-31,1.4357106679709
2022-04-01,1.46380915170487
2022-04-02,1.46380915170419
2022-04-03,1.46380915170352
2022-04-04,1.49029560938717
2022-04-05,1.53698295007797
2022-04-06,1.56636103836162
2022-04-07,1.58862608141538
2022-04-08,1.61706526241698
2022-04-09,1.61706526241628
2022-04-10,1.61706526241558
2022-04-11,1.65898961053761
2022-04-12,1.65042934338619
2022-04-13,1.63485380453512
2022-04-14,1.6472614102547
2022-04-15,1.65410069003377
2022-04-16,1.65410069003313
2022-04-17,1.65410069003248
2022-04-18,1.66949801112518
2022-04-19,1.71168759658313
2022-04-20,1.72695119799168
2022-04-21,1.76472249784401
2022-04-22,1.79213864908829
2022-04-23,1.79213864908765
2022-04-24,1.792138649087
2022-04-25,1.80950320540533
2022-04-26,1.78856957105255
2022-04-27,1.80261041150634
2022-04-28,1.82058456085733
2022-04-29,1.86381693844276
2022-04-30,1.8638169384421
2022-05-01,1.86381693844143
2022-05-02,1.91541528106842
2022-05-03,1.95283554778208
2022-05-04,1.95100792954501
2022-05-05,1.96436250272319
2022-05-06,1.98513467535593
2022-05-07,1.98513467535525
2022-05-08,1.98513467535458
2022-05-09,1.96365731018607
2022-05-10,1.95244523469942
2022-05-11,1.94608689907091
2022-05-12,1.92624149804584
2022-05-13,1.92051885133562
2022-05-14,1.92051885133497
2022-05-15,1.92051885133433
2022-05-16,1.91292444051582
2022-05-17,1.94322138459127
2022-05-18,1.94965165164913
2022-05-19,1.94300337362026
2022-05-20,1.9295144746384
2022-05-21,1.92951447463774
2022-05-22,1.92951447463708
2022-05-23,1.94059645121928
2022-05-24,1.91891844732167
2022-05-25,1.9057963752953
2022-05-26,1.90027444775438
2022-05-27,1.89949759825508
2022-05-28,1.89949759825439
2022-05-29,1.89949759825371
2022-05-30,1.9050239029742
2022-05-31,1.93594824950111
2022-06-01,1.97798095581198
2022-06-02,2.0081040916967
2022-06-03,2.03712583681741
2022-06-04,2.03712583681667
2022-06-05,2.03712583681593
2022-06-06,2.09714705523516
2022-06-07,2.12082029095775
2022-06-08,2.14691822649984
2022-06-09,2.1747834353693
2022-06-10,2.25399286484934
2022-06-11,2.25399286484854
2022-06-12,2.25399286484773
2022-06-13,2.45064702302454
2022-06-14,2.5916133091344
2022-06-15,2.63070748008368
2022-06-16,2.64399382587731
2022-06-17,2.67327741955184
2022-06-18,2.67327741955087
2022-06-19,2.67327741954991
2022-06-20,2.7080025371115
2022-06-21,2.73859445512446
2022-06-22,2.73043877436508
2022-06-23,2.7090822024624
2022-06-24,2.70022323124267
2022-06-25,2.70022323124166
2022-06-26,2.70022323124065
2022-06-27,2.71585380799055
2022-06-28,2.72144464287013
2022-06-29,2.71240095476183
2022-06-30,2.68510328136951
2022-07-01,2.6362302531698
2022-07-02,2.63623025316878
2022-07-03,2.63623025316776
2022-07-04,2.5977645402877
2022-07-05,2.56637158875063
2022-07-06,2.59163515367978
2022-07-07,2.62080682569498
2022-07-08,2.66974177636407
2022-07-09,2.66974177636299
2022-07-10,2.6697417763619
2022-07-11,2.70194044020563
2022-07-12,2.71398427252204
2022-07-13,2.7671731947118
2022-07-14,2.7968028993306
2022-07-15,2.80745790571012
2022-07-16,2.80745790570892
2022-07-17,2.80745790570772
2022-07-18,2.83907012743995
2022-07-19,2.8778420509053
2022-07-20,2.90237946690718
2022-07-21,2.88610357837552
2022-07-22,2.84468180021628
2022-07-23,2.84468180021501
2022-07-24,2.84468180021375
2022-07-25,2.82857456080322
2022-07-26,2.8331617102529
2022-07-27,2.82645841049301
2022-07-28,2.79403421507685
2022-07-29,2.77975128543343
2022-07-30,2.77975128543213
2022-07-31,2.77975128543082
2022-08-01,2.75587392733604
2022-08-02,2.80171793007857
2022-08-03,2.8342979489675
2022-08-04,2.85449904584439
2022-08-05,2.91781251788015
2022-08-06,2.91781251787873
2022-08-07,2.91781251787732
2022-08-08,2.96812647087847
2022-08-09,3.01656538777013
2022-08-10,3.03767694164778
2022-08-11,3.06662991573684
2022-08-12,3.08750490195724
2022-08-13,3.08750490195572
2022-08-14,3.0875049019542
2022-08-15,3.09375882602378
2022-08-16,3.11293978821048
2022-08-17,3.14688661716999
2022-08-18,3.16218512989037
2022-08-19,3.18742619393938
2022-08-20,3.18742619393782
2022-08-21,3.18742619393625
2022-08-22,3.24424897952567
2022-08-23,3.27925441714727
2022-08-24,3.31554662581232
2022-08-25,3.33379668789642
2022-08-26,3.35456095639702
2022-08-27,3.35456095639542
2022-08-28,3.35456095639381
2022-08-29,3.39829367863033
2022-08-30,3.42946386012579
2022-08-31,3.46606475282163
2022-09-01,3.49945659217095
2022-09-02,3.49555569021161
2022-09-03,3.49555569020997
2022-09-04,3.49555569020834
2022-09-05,3.4969275300379
2022-09-06,3.53939559548643
2022-09-07,3.54747099806495
2022-09-08,3.56913619682155
2022-09-09,3.59439602163164
2022-09-10,3.59439602163
2022-09-11,3.59439602162836
2022-09-12,3.63352886698087
2022-09-13,3.7169736726989
2022-09-14,3.78217708351738
2022-09-15,3.84513485503571
2022-09-16,3.88300133021421
2022-09-17,3.88300133021247
2022-09-18,3.88300133021072
2022-09-19,3.94537595153323
2022-09-20,3.99550775437026
2022-09-21,4.03932397977045
2022-09-22,4.09430959347434
2022-09-23,4.14528138897373
2022-09-24,4.1452813889719
2022-09-25,4.14528138897007
2022-09-26,4.23349813169176
2022-09-27,4.25783864607044
2022-09-28,4.23529837829881
2022-09-29,4.23364141829372
2022-09-30,4.24722857693475
2022-10-01,4.24722857693291
2022-10-02,4.24722857693108
2022-10-03,4.21799019319856
2022-10-04,4.19728129325294
2022-10-05,4.21068048191303
2022-10-06,4.24342273920459
2022-10-07,4.28514080217659
2022-10-08,4.28514080217474
2022-10-09,4.28514080217289
2022-10-10,4.33464389507647
2022-10-11,4.36739162263495
2022-10-12,4.38026320261507
2022-10-13,4.42823187162843
2022-10-14,4.47624543283189
2022-10-15,4.47624543282999
2022-10-16,4.47624543282808
2022-10-17,4.51927781861953
2022-10-18,4.53848032971313
2022-10-19,4.58350265256592
2022-10-20,4.63437470906461
2022-10-21,4.63918291482473
2022-10-22,4.63918291482281
2022-10-23,4.63918291482089
2022-10-24,4.66033713502665
2022-10-25,4.65007249994301
2022-10-26,4.61961055322539
2022-10-27,4.57207470455482
2022-10-28,4.57466185402134
2022-10-29,4.57466185401946
2022-10-30,4.57466185401759
2022-10-31,4.60175184923989
2022-11-01,4.63197057462269
2022-11-02,4.66606048116744
2022-11-03,4.70264072562383
2022-11-04,4.72244633708835
2022-11-05,4.72244633708643
2022-11-06,4.72244633708451
2022-11-07,4.75867463626198
2022-11-08,4.75789899977104
2022-11-09,4.74473409728361
2022-11-10,4.674594373758
2022-11-11,4.62888233119251
2022-11-12,4.62888233119061
2022-11-13,4.6288823311887
2022-11-14,4.59673498973135
2022-11-15,4.56041393684665
2022-11-16,4.53618984213675
2022-11-17,4.54727889281748
2022-11-18,4.578809203075
2022-11-19,4.57880920307304
2022-11-20,4.57880920307108
2022-11-21,4.61886547827285
2022-11-22,4.63315495075735
2022-11-23,4.63346040463856
2022-11-24,4.63802825400388
2022-11-25,4.64452072910602
2022-11-26,4.64452072910396
2022-11-27,4.6445207291019
2022-11-28,4.64965141016117
2022-11-29,4.66805739479944
2022-11-30,4.64165684521771
2022-12-01,4.61043837730318
2022-12-02,4.59542641396808
2022-12-03,4.59542641396595
2022-12-04,4.59542641396383
2022-12-05,4.62330516264989
2022-12-06,4.63554687523449
2022-12-07,4.62506301997903
2022-12-08,4.63573561321758
2022-12-09,4.66086291348962
2022-12-10,4.6608629134874
2022-12-11,4.66086291348517
2022-12-12,4.69658134389252
2022-12-13,4.6806080422906
2022-12-14,4.66593734775884
2022-12-15,4.66075591774213
2022-12-16,4.65753586335706
2022-12-17,4.65753586335479
2022-12-18,4.65753586335252
2022-12-19,4.67781339714347
2022-12-20,4.69924727716134
2022-12-21,4.70877367608789
2022-12-22,4.72506427259121
2022-12-23,4.74777861246553
2022-12-24,4.74777861246324
2022-12-25,4.74777861246095
2022-12-26,4.77040359332325
2022-12-27,4.7992917627071
2022-12-28,4.81892573642372
2022-12-29,4.82568091012044
2022-12-30,4.84000841746162
2022-12-31,4.84000841745933
2023-01-01,4.84000841745704
2023-01-02,4.8547641090564
2023-01-03,4.8386985316873
2023-01-04,4.82252858195638
2023-01-05,4.83399111042752
2023-01-06,4.80014788848368
2023-01-07,4.80014788848138
2023-01-08,4.80014788847909
2023-01-09,4.7594452995472
2023-01-10,4.75166770129588
2023-01-11,4.73943746049245
2023-01-12,4.71273004975364
2023-01-13,4.70898396428158
2023-01-14,4.70898396427928
2023-01-15,4.70898396427698
2023-01-16,4.7066432601463
2023-01-17,4.70802597693877
2023-01-18,4.67830328582341
2023-01-19,4.66846766954917
2023-01-20,4.67471407571002
2023-01-21,4.6747140757077
2023-01-22,4.67471407570537
2023-01-23,4.69638580162388
2023-01-24,4.70165646576814
2023-01-25,4.70147936280105
2023-01-26,4.71578152601592
2023-01-27,4.72857296991297
2023-01-28,4.72857296991061
2023-01-29,4.72857296990824
2023-01-30,4.75631940354813
2023-01-31,4.76179853114035
2023-02-01,4.74706897494722
2023-02-02,4.73577948088101
2023-02-03,4.7703114491011
2023-02-04,4.77031144909871
2023-02-05,4.77031144909632
2023-02-06,4.85142389093794
2023-02-07,4.89924911952138
2023-02-08,4.92054771911959
2023-02-09,4.9484217587605
2023-02-10,4.98143345556492
2023-02-11,4.98143345556246
2023-02-12,4.98143345556
2023-02-13,5.01209568732031
2023-02-14,5.05406127807879
2023-02-15,5.08675495252694
2023-02-16,5.11645304848934
2023-02-17,5.12975508297936
2023-02-18,5.12975508297687
2023-02-19,5.12975508297438
2023-02-20,5.14504098861403
2023-02-21,5.18553345045977
2023-02-22,5.20774331889991
2023-02-23,5.21679031627827
2023-02-24,5.24656809700392
2023-02-25,5.24656809700142
2023-02-26,5.24656809699892
2023-02-27,5.26768002834842
2023-02-28,5.28299730975225
2023-03-01,5.31004628218472
2023-03-02,5.33444718384889
2023-03-03,5.34086939232607
2023-03-04,5.34086939232355
2023-03-05,5.34086939232104
2023-03-06,5.35222039263868
2023-03-07,5.3937168448917
2023-03-08,5.43514622737615
2023-03-09,5.41951379850372
2023-03-10,5.33936350337028
2023-03-11,5.33936350336774
2023-03-12,5.3393635033652
2023-03-13,5.05641306481533
2023-03-14,4.99297930257475
2023-03-15,4.85633840622689
2023-03-16,4.83342389451755
2023-03-17,4.7402023929934
2023-03-18,4.74020239299108
2023-03-19,4.74020239298877
2023-03-20,4.70069499637952
